{
	"credit": "Made with Blockbench",
	"ambientocclusion": false,
	"texture_size": [16, 20],
	"textures": {
		"1": "castle_in_the_sky:block/blue_door_bottom",
		"particle": "castle_in_the_sky:block/blue_door_bottom"
	},
	"elements": [
		{
			"from": [0, 0, 0],
			"to": [3, 16, 2],
			"rotation": {"angle": 0, "axis": "y", "origin": [0, 16, 0]},
			"faces": {
				"north": {"uv": [16, 0, 0, 2.4], "rotation": 90, "texture": "#1"},
				"east": {"uv": [2, 16, 0, 3.2], "texture": "#1"},
				"south": {"uv": [16, 0, 0, 2.4], "rotation": 90, "texture": "#1"},
				"west": {"uv": [0, 16, 2, 3.2], "texture": "#1"},
				"up": {"uv": [0, 2, 3, 0], "texture": "#missing"},
				"down": {"uv": [0, 1.6, 3, 0], "texture": "#1"}
			}
		},
		{
			"from": [0, 0, 14],
			"to": [3, 16, 16],
			"rotation": {"angle": 0, "axis": "y", "origin": [0, 16, 0]},
			"faces": {
				"north": {"uv": [16, 0, 0, 2.4], "rotation": 90, "texture": "#1"},
				"east": {"uv": [16, 16, 14, 3.2], "texture": "#1"},
				"south": {"uv": [16, 0, 0, 2.4], "rotation": 90, "texture": "#1"},
				"west": {"uv": [14, 16, 16, 3.2], "texture": "#1"},
				"up": {"uv": [0, 2, 3, 0], "texture": "#missing"},
				"down": {"uv": [0, 1.6, 3, 0], "texture": "#1"}
			}
		},
		{
			"from": [0, 0, 2],
			"to": [3, 2, 14],
			"rotation": {"angle": 0, "axis": "y", "origin": [0, 16, 0]},
			"faces": {
				"north": {"uv": [0, 1.6, 3, 0], "texture": "#missing"},
				"east": {"uv": [2, 4.8, 14, 3.2], "texture": "#1"},
				"south": {"uv": [0, 1.6, 3, 0], "texture": "#missing"},
				"west": {"uv": [2, 4.8, 14, 3.2], "texture": "#1"},
				"up": {"uv": [0, 0.8, 1, 0], "texture": "#1"},
				"down": {"uv": [14, 0, 2, 2.4], "rotation": 90, "texture": "#1"}
			}
		},
		{
			"from": [0, 2, 3],
			"to": [3, 3, 13],
			"rotation": {"angle": 0, "axis": "y", "origin": [0, 16, 0]},
			"faces": {
				"north": {"uv": [0, 0.8, 1, 0], "texture": "#1"},
				"east": {"uv": [3, 5.6, 13, 4.8], "texture": "#1"},
				"south": {"uv": [4, 1.6, 6, 0], "texture": "#1"},
				"west": {"uv": [3, 5.6, 13, 4.8], "texture": "#1"},
				"up": {"uv": [0, 0.8, 1, 0], "texture": "#1"},
				"down": {"uv": [0, 9.6, 3, 0], "texture": "#missing"}
			}
		},
		{
			"from": [0, 3, 4],
			"to": [3, 5, 12],
			"rotation": {"angle": 0, "axis": "y", "origin": [0, 16, 0]},
			"faces": {
				"north": {"uv": [0, 2.4, 3, 0], "texture": "#1"},
				"east": {"uv": [4, 7.2, 12, 5.6], "texture": "#1"},
				"south": {"uv": [0, 2.4, 3, 0], "texture": "#1"},
				"west": {"uv": [4, 7.2, 12, 5.6], "texture": "#1"},
				"up": {"uv": [0, 0.8, 1, 0], "texture": "#1"},
				"down": {"uv": [0, 9.6, 3, 0], "texture": "#missing"}
			}
		},
		{
			"from": [0, 5, 4],
			"to": [3, 16, 5],
			"rotation": {"angle": 0, "axis": "y", "origin": [0, 16, 0]},
			"faces": {
				"north": {"uv": [11, 0, 0, 2.4], "rotation": 90, "texture": "#1"},
				"east": {"uv": [11, 16, 12, 8], "texture": "#1"},
				"south": {"uv": [10, 0, 0, 2.4], "rotation": 90, "texture": "#1"},
				"west": {"uv": [4, 16, 5, 7.2], "texture": "#1"},
				"up": {"uv": [0, 9.6, 3, 0], "texture": "#missing"},
				"down": {"uv": [0, 9.6, 3, 0], "texture": "#missing"}
			}
		},
		{
			"from": [0, 5, 11],
			"to": [3, 16, 12],
			"rotation": {"angle": 0, "axis": "y", "origin": [0, 16, 0]},
			"faces": {
				"north": {"uv": [11, 0, 0, 2.4], "rotation": 90, "texture": "#1"},
				"east": {"uv": [4, 16, 5, 8], "texture": "#1"},
				"south": {"uv": [10, 0, 0, 2.4], "rotation": 90, "texture": "#1"},
				"west": {"uv": [4, 16, 5, 7.2], "texture": "#1"},
				"up": {"uv": [0, 9.6, 3, 0], "texture": "#missing"},
				"down": {"uv": [0, 9.6, 3, 0], "texture": "#missing"}
			}
		},
		{
			"from": [0, 5, 5],
			"to": [3, 6, 6],
			"rotation": {"angle": 0, "axis": "y", "origin": [0, 16, 0]},
			"faces": {
				"north": {"uv": [0, 0.8, 3, 0], "texture": "#missing"},
				"east": {"uv": [5, 8, 6, 7.2], "texture": "#1"},
				"south": {"uv": [0, 0.8, 1, 0], "texture": "#1"},
				"west": {"uv": [5, 8, 6, 7.2], "texture": "#1"},
				"up": {"uv": [0, 0.8, 1, 0], "texture": "#1"},
				"down": {"uv": [0, 0.8, 3, 0], "texture": "#missing"}
			}
		},
		{
			"from": [0, 5, 10],
			"to": [3, 6, 11],
			"rotation": {"angle": 0, "axis": "y", "origin": [0, 16, 0]},
			"faces": {
				"north": {"uv": [0, 0.8, 1, 0], "texture": "#1"},
				"east": {"uv": [10, 8, 11, 7.2], "texture": "#1"},
				"south": {"uv": [0, 0.8, 3, 0], "texture": "#missing"},
				"west": {"uv": [5, 8, 6, 7.2], "texture": "#1"},
				"up": {"uv": [0, 0.8, 1, 0], "texture": "#1"},
				"down": {"uv": [0, 0.8, 3, 0], "texture": "#missing"}
			}
		},
		{
			"from": [1, 2, 2],
			"to": [2, 16, 14],
			"rotation": {"angle": 0, "axis": "y", "origin": [0, 16, 0]},
			"faces": {
				"north": {"uv": [0, 11.2, 1, 0], "texture": "#missing"},
				"east": {"uv": [2, 16, 14, 4.8], "texture": "#1"},
				"south": {"uv": [0, 11.2, 1, 0], "texture": "#missing"},
				"west": {"uv": [2, 16, 14, 4.8], "texture": "#1"},
				"up": {"uv": [0, 9.6, 1, 0], "texture": "#missing"},
				"down": {"uv": [0, 9.6, 1, 0], "texture": "#missing"}
			}
		}
	],
	"groups": [
		{
			"name": "vines",
			"origin": [8, 8, 8],
			"color": 0,
			"children": [0, 1, 2, 3, 4, 5, 6, 7, 8, 9]
		}
	]
}