{
	"credit": "Made with Blockbench",
	"ambientocclusion": false,
	"texture_size": [16, 20],
	"textures": {
		"1": "castle_in_the_sky:block/blue_door_top",
		"particle": "castle_in_the_sky:block/blue_door_top"
	},
	"elements": [
		{
			"from": [0, 0, 0],
			"to": [3, 16, 2],
			"faces": {
				"north": {"uv": [0, 0, 16, 2.4], "rotation": 90, "texture": "#1"},
				"east": {"uv": [2, 3.2, 0, 16], "texture": "#1"},
				"south": {"uv": [0, 0, 16, 2.4], "rotation": 90, "texture": "#1"},
				"west": {"uv": [0, 3.2, 2, 16], "texture": "#1"},
				"up": {"uv": [0, 0, 3, 1.6], "texture": "#1"},
				"down": {"uv": [0, 0, 3, 2], "texture": "#missing"}
			}
		},
		{
			"from": [0, 0, 14],
			"to": [3, 16, 16],
			"faces": {
				"north": {"uv": [0, 0, 16, 2.4], "rotation": 90, "texture": "#1"},
				"east": {"uv": [16, 3.2, 14, 16], "texture": "#1"},
				"south": {"uv": [0, 0, 16, 2.4], "rotation": 90, "texture": "#1"},
				"west": {"uv": [14, 3.2, 16, 16], "texture": "#1"},
				"up": {"uv": [0, 0, 3, 1.6], "texture": "#1"},
				"down": {"uv": [0, 0, 3, 2], "texture": "#missing"}
			}
		},
		{
			"from": [0, 14, 2],
			"to": [3, 16, 14],
			"faces": {
				"north": {"uv": [0, 0, 3, 1.6], "texture": "#missing"},
				"east": {"uv": [2, 3.2, 14, 4.8], "texture": "#1"},
				"south": {"uv": [0, 0, 3, 1.6], "texture": "#missing"},
				"west": {"uv": [2, 3.2, 14, 4.8], "texture": "#1"},
				"up": {"uv": [2, 0, 14, 2.4], "rotation": 90, "texture": "#1"},
				"down": {"uv": [0, 0, 1, 0.8], "texture": "#1"}
			}
		},
		{
			"from": [0, 13, 3],
			"to": [3, 14, 13],
			"faces": {
				"north": {"uv": [0, 0, 1, 0.8], "texture": "#1"},
				"east": {"uv": [3, 4.8, 13, 5.6], "texture": "#1"},
				"south": {"uv": [4, 0, 6, 1.6], "texture": "#1"},
				"west": {"uv": [3, 4.8, 13, 5.6], "texture": "#1"},
				"up": {"uv": [0, 0, 3, 9.6], "texture": "#missing"},
				"down": {"uv": [0, 0, 1, 0.8], "texture": "#1"}
			}
		},
		{
			"from": [0, 11, 4],
			"to": [3, 13, 12],
			"faces": {
				"north": {"uv": [0, 0, 3, 2.4], "texture": "#1"},
				"east": {"uv": [4, 5.6, 12, 7.2], "texture": "#1"},
				"south": {"uv": [0, 0, 3, 2.4], "texture": "#1"},
				"west": {"uv": [4, 5.6, 12, 7.2], "texture": "#1"},
				"up": {"uv": [0, 0, 3, 9.6], "texture": "#missing"},
				"down": {"uv": [0, 0, 1, 0.8], "texture": "#1"}
			}
		},
		{
			"from": [0, 0, 4],
			"to": [3, 11, 5],
			"faces": {
				"north": {"uv": [0, 0, 11, 2.4], "rotation": 90, "texture": "#1"},
				"east": {"uv": [11, 8, 12, 16], "texture": "#1"},
				"south": {"uv": [0, 0, 10, 2.4], "rotation": 90, "texture": "#1"},
				"west": {"uv": [4, 7.2, 5, 16], "texture": "#1"},
				"up": {"uv": [0, 0, 3, 9.6], "texture": "#missing"},
				"down": {"uv": [0, 0, 3, 9.6], "texture": "#missing"}
			}
		},
		{
			"from": [0, 0, 11],
			"to": [3, 11, 12],
			"faces": {
				"north": {"uv": [0, 0, 11, 2.4], "rotation": 90, "texture": "#1"},
				"east": {"uv": [4, 8, 5, 16], "texture": "#1"},
				"south": {"uv": [0, 0, 10, 2.4], "rotation": 90, "texture": "#1"},
				"west": {"uv": [4, 7.2, 5, 16], "texture": "#1"},
				"up": {"uv": [0, 0, 3, 9.6], "texture": "#missing"},
				"down": {"uv": [0, 0, 3, 9.6], "texture": "#missing"}
			}
		},
		{
			"from": [0, 10, 5],
			"to": [3, 11, 6],
			"faces": {
				"north": {"uv": [0, 0, 3, 0.8], "texture": "#missing"},
				"east": {"uv": [5, 7.2, 6, 8], "texture": "#1"},
				"south": {"uv": [0, 0, 1, 0.8], "texture": "#1"},
				"west": {"uv": [5, 7.2, 6, 8], "texture": "#1"},
				"up": {"uv": [0, 0, 3, 0.8], "texture": "#missing"},
				"down": {"uv": [0, 0, 1, 0.8], "texture": "#1"}
			}
		},
		{
			"from": [0, 10, 10],
			"to": [3, 11, 11],
			"faces": {
				"north": {"uv": [0, 0, 1, 0.8], "texture": "#1"},
				"east": {"uv": [10, 7.2, 11, 8], "texture": "#1"},
				"south": {"uv": [0, 0, 3, 0.8], "texture": "#missing"},
				"west": {"uv": [5, 7.2, 6, 8], "texture": "#1"},
				"up": {"uv": [0, 0, 3, 0.8], "texture": "#missing"},
				"down": {"uv": [0, 0, 1, 0.8], "texture": "#1"}
			}
		},
		{
			"from": [1, 0, 2],
			"to": [2, 14, 14],
			"faces": {
				"north": {"uv": [0, 0, 1, 11.2], "texture": "#missing"},
				"east": {"uv": [2, 4.8, 14, 16], "texture": "#1"},
				"south": {"uv": [0, 0, 1, 11.2], "texture": "#missing"},
				"west": {"uv": [2, 4.8, 14, 16], "texture": "#1"},
				"up": {"uv": [0, 0, 1, 9.6], "texture": "#missing"},
				"down": {"uv": [0, 0, 1, 9.6], "texture": "#missing"}
			}
		}
	],
	"groups": [
		{
			"name": "vines",
			"origin": [8, 8, 8],
			"color": 0,
			"children": [0, 1, 2, 3, 4, 5, 6, 7, 8, 9]
		}
	]
}