{
  "type": "minecraft:chest",
  "pools": [
    {
      "rolls": {
        "min": 2,
        "max": 3
      },
      "entries": [
        {
          "type": "minecraft:item",
          "weight": 1,
          "name": "minecraft:splash_potion",
          "functions": [
            {
              "function": "minecraft:set_nbt",
              "tag": "{Potion: \"legendarysurvivaloverhaul:heat_resistance_long\"}"
            }
          ]
        },
        {
          "type": "minecraft:item",
          "weight": 5,
          "name": "legendarysurvivaloverhaul:purified_water_bottle",
          "functions": [
            {
              "function": "minecraft:set_count",
              "count": {
                "min": 3,
                "max": 4
              }
            }
          ]
        }
      ]
    },
    {
      "rolls": {
        "min": 1,
        "max": 1
      },
      "entries": [
        {
          "type": "minecraft:item",
          "name": "atmospheric:rosewood_sapling"
        },
        {
          "type": "minecraft:item",
          "name": "atmospheric:morado_sapling"
        },
        {
          "type": "minecraft:item",
          "name": "atmospheric:aspen_sapling"
        }
      ]
    },
    {
      "rolls": {
        "min": 1,
        "max": 4
      },
      "entries": [
        {
          "type": "minecraft:item",
          "name": "minecraft:gold_ingot",
          "functions": [
            {
              "function": "minecraft:set_count",
              "count": {
                "min": 2,
                "max": 15
              }
            }
          ]
        },
        {
          "type": "minecraft:item",
          "name": "atmospheric:aloe_gel_bottle",
          "functions": [
            {
              "function": "minecraft:set_count",
              "count": {
                "min": 1,
                "max": 5
              }
            }
          ]
        },
        {
          "type": "minecraft:item",
          "name": "atmospheric:yucca_branch"
        }
      ]
    }
  ]
}
