{
  "type": "minecraft:chest",
  "pools": [
    {
      "rolls": {
        "min": 2,
        "max": 3
      },
      "bonus_rolls": 1,
      "entries": [
        {
          "type": "minecraft:item",
          "weight": 3,
          "name": "mowziesmobs:dart",
          "functions": [
            {
              "function": "minecraft:set_count",
              "count": {
                "min": 4,
                "max": 5
              }
            }
          ]
        },
        {
          "type": "minecraft:item",
          "weight": 1,
          "name": "mowziesmobs:blowgun"
        },
        {
          "type": "minecraft:item",
          "weight": 10,
          "name": "minecraft:bone_meal"
        },
        {
          "type": "minecraft:item",
          "weight": 1,
          "name": "graveyard:bone_dagger"
        },
        {
          "type": "minecraft:item",
          "weight": 2,
          "name": "crockpot:bone_soup"
        },
        {
          "type": "minecraft:item",
          "weight": 10,
          "name": "minecraft:bone_block"
        },
        {
          "type": "minecraft:item",
          "weight": 35,
          "name": "minecraft:bone"
        }
      ]
    },
    {
      "rolls": 1,
      "entries": [
        {
          "type": "minecraft:loot_table",
          "name": "minecraft:chests/legends/enchantments/medium"
        },
        {
          "type": "minecraft:loot_table",
          "name": "minecraft:chests/legends/enchantments/low"
        }
      ]
    },
    {
      "rolls": 1,
      "entries": [
        {
          "type": "minecraft:group",
          "children": [
            {
              "type": "minecraft:item",
              "name": "minecraft:iron_nugget",
              "functions": [
                {
                  "function": "minecraft:set_count",
                  "count": {
                    "min": 3,
                    "max": 5
                  }
                }
              ]
            },
            {
              "type": "minecraft:item",
              "name": "minecraft:gold_nugget",
              "functions": [
                {
                  "function": "minecraft:set_count",
                  "count": {
                    "min": 2,
                    "max": 4
                  }
                }
              ]
            },
            {
              "type": "minecraft:item",
              "name": "minecraft:iron_ingot",
              "functions": [
                {
                  "function": "minecraft:set_count",
                  "count": {
                    "min": 1,
                    "max": 3
                  }
                }
              ]
            },
            {
              "type": "minecraft:item",
              "name": "minecraft:iron_ore",
              "functions": [
                {
                  "function": "minecraft:set_count",
                  "count": {
                    "min": 2,
                    "max": 4
                  }
                }
              ]
            }
          ]
        }
      ]
    },
    {
      "rolls": 1,
      "entries": [
        {
          "type": "minecraft:item",
          "name": "minecraft:leather_helmet",
          "functions": [
            {
              "function": "minecraft:set_nbt",
              "tag": "{display:{color:2467351}}"
            }
          ]
        },
        {
          "type": "minecraft:item",
          "name": "minecraft:leather_chestplate",
          "functions": [
            {
              "function": "minecraft:set_nbt",
              "tag": "{display:{color:2467351}}"
            }
          ]
        },
        {
          "type": "minecraft:item",
          "name": "minecraft:leather_leggings",
          "functions": [
            {
              "function": "minecraft:set_nbt",
              "tag": "{display:{color:2467351}}"
            }
          ]
        },
        {
          "type": "minecraft:item",
          "name": "minecraft:leather_boots",
          "functions": [
            {
              "function": "minecraft:set_nbt",
              "tag": "{display:{color:2467351}}"
            }
          ]
        }
      ]
    },
    {
      "rolls": 1,
      "entries": [
        {
          "type": "minecraft:loot_table",
          "name": "minecraft:chests/legends/commons/forest"
        }
      ]
    }
  ]
}
