{
  "id": 44,
  "offset": {
    "y": -1
  },
  "multipart": {
    "ceiling": {
      "models": [
        {
          "offset": {
            "x": 6,
            "y": 7,
            "z": 6
          },
          "model": "dungeoncrawl:catacombs/multipart/node/ceiling/flat"
        },
        {
          "offset": {
            "x": 6,
            "y": 7,
            "z": 6
          },
          "model": "dungeoncrawl:catacombs/multipart/node/ceiling/dome"
        },
        {
          "offset": {
            "x": 6,
            "y": 7,
            "z": 6
          },
          "model": "dungeoncrawl:catacombs/multipart/node/ceiling/crumbled"
        },
        {
          "offset": {
            "x": 6,
            "y": 7,
            "z": 6
          },
          "model": "dungeoncrawl:catacombs/multipart/node/ceiling/light"
        }
      ]
    }
  }
}