{
  "features": [
    {
      "type": "spawner_grave",
      "positions": [
        {"x": 2, "y": 1, "z": 1, "facing": "west"},
        {"x": 2, "y": 3, "z": 1, "facing": "west"},
        {"x": 2, "y": 1, "z": 3, "facing": "west"},
        {"x": 2, "y": 3, "z": 3, "facing": "west"},
        {"x": 2, "y": 1, "z": 5, "facing": "west"},
        {"x": 2, "y": 3, "z": 5, "facing": "west"}
      ],
      "amount": {
        "min": 1,
        "max": 2
      },
      "follow_up": {
        "type": "empty_grave",
        "amount": {
          "min": 1,
          "max": 2
        }
      }
    }
  ]
}