{
	"credit": "Made with Blockbench",
	"ambientocclusion": false,
	"textures": {
		"0": "cavesandcliffs:block/dripstone_block",
		"particle": "cavesandcliffs:block/dripstone_block"
	},
	"elements": [
		{
			"from": [5, 0, 5],
			"to": [11, 16, 11],
			"rotation": {"angle": 0, "axis": "y", "origin": [11, 8, 11]},
			"faces": {
				"north": {"uv": [0, 0, 6, 16], "texture": "#0"},
				"east": {"uv": [0, 0, 6, 16], "texture": "#0"},
				"south": {"uv": [0, 0, 6, 16], "texture": "#0"},
				"west": {"uv": [0, 0, 6, 16], "texture": "#0"},
				"up": {"uv": [0, 0, 6, 6], "texture": "#0"},
				"down": {"uv": [0, 0, 6, 6], "texture": "#0"}
			}
		},
		{
			"from": [8, 0, 4],
			"to": [12, 10, 8],
			"rotation": {"angle": 0, "axis": "y", "origin": [17, 8, 12]},
			"faces": {
				"north": {"uv": [0, 0, 4, 10], "texture": "#0"},
				"east": {"uv": [0, 0, 4, 10], "texture": "#0"},
				"south": {"uv": [0, 0, 4, 10], "texture": "#0"},
				"west": {"uv": [0, 0, 4, 10], "texture": "#0"},
				"up": {"uv": [0, 0, 4, 4], "texture": "#0"},
				"down": {"uv": [0, 0, 4, 4], "texture": "#0"}
			}
		},
		{
			"from": [4, 0, 9],
			"to": [7, 26, 12],
			"rotation": {"angle": 0, "axis": "y", "origin": [13, 8, 19]},
			"faces": {
				"north": {"uv": [0, 0, 3, 16], "texture": "#0"},
				"east": {"uv": [0, 0, 3, 16], "texture": "#0"},
				"south": {"uv": [0, 0, 3, 16], "texture": "#0"},
				"west": {"uv": [0, 0, 3, 16], "texture": "#0"},
				"up": {"uv": [0, 0, 3, 3], "texture": "#0"},
				"down": {"uv": [0, 0, 3, 3], "texture": "#0"}
			}
		}
	]
}