{
  "content": [
    {
      "type": "entity",
      "content": "minecraft:zombie",
      "amountRange": {
        "min": 1,
        "max": 16
      },
      "unitWorth": 225,
      "weight": 1000,
      "timeMult": 2.0
    },
    {
      "type": "entity",
      "content": "minecraft:spider",
      "amountRange": {
        "min": 1,
        "max": 16
      },
      "unitWorth": 225,
      "weight": 1000,
      "timeMult": 2.0
    },
    {
      "type": "entity",
      "content": "minecraft:skeleton",
      "amountRange": {
        "min": 1,
        "max": 16
      },
      "unitWorth": 225,
      "weight": 1000,
      "timeMult": 2.0
    },
    {
      "type": "entity",
      "content": "minecraft:creeper",
      "amountRange": {
        "min": 1,
        "max": 12
      },
      "unitWorth": 450,
      "weight": 1000,
      "timeMult": 2.0
    }
  ]
}