{
  "content": [
    {
      "type": "item",
      "content": "minecraft:iron_boots",
      "amountRange": {
        "min": 1,
        "max": 1
      },
      "unitWorth": 3600,
      "weight": 600
    },
    {
      "type": "item",
      "content": "minecraft:iron_leggings",
      "amountRange": {
        "min": 1,
        "max": 1
      },
      "unitWorth": 6300,
      "weight": 600
    },
    {
      "type": "item",
      "content": "minecraft:iron_helmet",
      "amountRange": {
        "min": 1,
        "max": 1
      },
      "unitWorth": 4500,
      "weight": 600
    },
    {
      "type": "item",
      "content": "minecraft:iron_chestplate",
      "amountRange": {
        "min": 1,
        "max": 1
      },
      "unitWorth": 8100,
      "weight": 650
    },
    {
      "type": "item",
      "content": "minecraft:bell",
      "amountRange": {
        "min": 1,
        "max": 1
      },
      "unitWorth": 15000,
      "weight": 750
    },
    {
      "type": "item",
      "content": "minecraft:chainmail_leggings",
      "amountRange": {
        "min": 1,
        "max": 1
      },
      "unitWorth": 3000,
      "weight": 750
    },
    {
      "type": "item",
      "content": "minecraft:chainmail_boots",
      "amountRange": {
        "min": 1,
        "max": 1
      },
      "unitWorth": 1000,
      "weight": 750
    },
    {
      "type": "item",
      "content": "minecraft:chainmail_chestplate",
      "amountRange": {
        "min": 1,
        "max": 1
      },
      "unitWorth": 4000,
      "weight": 750
    },
    {
      "type": "item",
      "content": "minecraft:chainmail_helmet",
      "amountRange": {
        "min": 1,
        "max": 1
      },
      "unitWorth": 1000,
      "weight": 750
    },
    {
      "type": "item",
      "content": "minecraft:shield",
      "amountRange": {
        "min": 1,
        "max": 1
      },
      "unitWorth": 1000,
      "weight": 750
    },
    {
      "type": "item",
      "content": "minecraft:diamond_leggings",
      "amountRange": {
        "min": 1,
        "max": 1
      },
      "unitWorth": 12500,
      "weight": 100
    },
    {
      "type": "item",
      "content": "minecraft:diamond_boots",
      "amountRange": {
        "min": 1,
        "max": 1
      },
      "unitWorth": 10000,
      "weight": 100
    },
    {
      "type": "item",
      "content": "minecraft:diamond_chestplate",
      "amountRange": {
        "min": 1,
        "max": 1
      },
      "unitWorth": 22000,
      "weight": 100
    },
    {
      "type": "item",
      "content": "minecraft:diamond_helmet",
      "amountRange": {
        "min": 1,
        "max": 1
      },
      "unitWorth": 15000,
      "weight": 100
    }
  ]
}