{
  "content": [
    {
      "type": "item",
      "content": "minecraft:lava_bucket",
      "amountRange": {
        "min": 1,
        "max": 4
      },
      "unitWorth": 2200,
      "weight": 1000
    },
    {
      "type": "item",
      "content": "minecraft:leather_leggings",
      "amountRange": {
        "min": 1,
        "max": 1
      },
      "unitWorth": 1400,
      "weight": 1000
    },
    {
      "type": "item",
      "content": "minecraft:leather_boots",
      "amountRange": {
        "min": 1,
        "max": 1
      },
      "unitWorth": 800,
      "weight": 1000
    },
    {
      "type": "item",
      "content": "minecraft:leather_chestplate",
      "amountRange": {
        "min": 1,
        "max": 1
      },
      "unitWorth": 1600,
      "weight": 1000
    },
    {
      "type": "item",
      "content": "minecraft:leather_helmet",
      "amountRange": {
        "min": 1,
        "max": 1
      },
      "unitWorth": 1000,
      "weight": 1000
    },
    {
      "type": "item",
      "content": "minecraft:iron_ingot",
      "amountRange": {
        "min": 1,
        "max": 16
      },
      "unitWorth": 900,
      "weight": 2000
    }
  ]
}