{
  "content": [
    {
      "type": "item",
      "content": "minecraft:rabbit_stew",
      "amountRange": {
        "min": 1,
        "max": 6
      },
      "unitWorth": 800,
      "weight": 1000
    },
    {
      "type": "item",
      "content": "minecraft:cooked_porkchop",
      "amountRange": {
        "min": 1,
        "max": 16
      },
      "unitWorth": 200,
      "weight": 1000
    },
    {
      "type": "item",
      "content": "minecraft:cooked_chicken",
      "amountRange": {
        "min": 1,
        "max": 16
      },
      "unitWorth": 125,
      "weight": 1000
    },
    {
      "type": "item",
      "content": "minecraft:cooked_mutton",
      "amountRange": {
        "min": 1,
        "max": 16
      },
      "unitWorth": 200,
      "weight": 700
    },
    {
      "type": "item",
      "content": "minecraft:cooked_beef",
      "amountRange": {
        "min": 1,
        "max": 16
      },
      "unitWorth": 250,
      "weight": 700
    },
    {
      "type": "item",
      "content": "minecraft:cooked_chicken",
      "amountRange": {
        "min": 1,
        "max": 16
      },
      "unitWorth": 250,
      "weight": 700
    }
  ]
}