{
  "content": [
    {
      "type": "item",
      "content": "minecraft:bread",
      "amountRange": {
        "min": 1,
        "max": 48
      },
      "unitWorth": 150,
      "weight": 1000
    },
    {
      "type": "item",
      "content": "minecraft:melon_slice",
      "amountRange": {
        "min": 1,
        "max": 56
      },
      "unitWorth": 60,
      "weight": 1000
    },
    {
      "type": "item",
      "content": "minecraft:melon",
      "amountRange": {
        "min": 1,
        "max": 18
      },
      "unitWorth": 225,
      "weight": 1000
    },
    {
      "type": "item",
      "content": "minecraft:pumpkin",
      "amountRange": {
        "min": 1,
        "max": 18
      },
      "unitWorth": 240,
      "weight": 1000
    },
    {
      "type": "item",
      "content": "minecraft:beetroot_soup",
      "amountRange": {
        "min": 1,
        "max": 14
      },
      "unitWorth": 250,
      "weight": 800
    },
    {
      "type": "item",
      "content": "minecraft:mushroom_stew",
      "amountRange": {
        "min": 1,
        "max": 18
      },
      "unitWorth": 300,
      "weight": 800
    },
    {
      "type": "item",
      "content": "minecraft:rabbit_stew",
      "amountRange": {
        "min": 1,
        "max": 14
      },
      "unitWorth": 500,
      "weight": 500
    },
    {
      "type": "item",
      "content": "minecraft:sweet_berries",
      "amountRange": {
        "min": 1,
        "max": 36
      },
      "unitWorth": 45,
      "weight": 800
    },
    {
      "type": "item",
      "content": "minecraft:pumpkin_pie",
      "amountRange": {
        "min": 1,
        "max": 36
      },
      "unitWorth": 350,
      "weight": 400
    },
    {
      "type": "item",
      "content": "minecraft:cake",
      "amountRange": {
        "min": 1,
        "max": 4
      },
      "unitWorth": 700,
      "weight": 200
    },
    {
      "type": "item",
      "content": "minecraft:milk_bucket",
      "amountRange": {
        "min": 1,
        "max": 1
      },
      "unitWorth": 2000,
      "weight": 200
    }
  ]
}