{
  "content": [
    {
      "type": "item",
      "content": "minecraft:enchanted_book",
      "nbt": {
        "StoredEnchantments": [
          {
            "id": "minecraft:smite",
            "lvl": 1
          }
        ]
      },
      "amountRange": {
        "min": 1,
        "max": 2
      },
      "unitWorth": 1500,
      "weight": 500
    },
    {
      "type": "item",
      "content": "minecraft:enchanted_book",
      "nbt": {
        "StoredEnchantments": [
          {
            "lvl": 1,
            "id": "minecraft:protection"
          }
        ]
      },
      "amountRange": {
        "min": 1,
        "max": 1
      },
      "unitWorth": 1250,
      "weight": 500
    },
    {
      "type": "item",
      "content": "minecraft:enchanted_book",
      "nbt": {
        "StoredEnchantments": [
          {
            "lvl": 1,
            "id": "minecraft:fire_protection"
          }
        ]
      },
      "amountRange": {
        "min": 1,
        "max": 1
      },
      "unitWorth": 2000,
      "weight": 250
    }
  ]
}