{
  "content": [
    {
      "type": "item",
      "content": "minecraft:emerald",
      "amountRange": {
        "min": 1,
        "max": 12
      },
      "unitWorth": 1000,
      "weight": 2500
    },
    {
      "type": "item",
      "content": "minecraft:bread",
      "amountRange": {
        "min": 2,
        "max": 24
      },
      "unitWorth": 167,
      "weight": 1000
    },
    {
      "type": "item",
      "content": "minecraft:pumpkin_pie",
      "amountRange": {
        "min": 2,
        "max": 8
      },
      "unitWorth": 250,
      "weight": 1000
    },
    {
      "type": "item",
      "content": "minecraft:apple",
      "amountRange": {
        "min": 2,
        "max": 24
      },
      "unitWorth": 250,
      "weight": 1000
    },
    {
      "type": "item",
      "content": "minecraft:cookie",
      "amountRange": {
        "min": 3,
        "max": 48
      },
      "unitWorth": 160,
      "weight": 1000
    },
    {
      "type": "item",
      "content": "minecraft:suspicious_stew",
      "amountRange": {
        "min": 1,
        "max": 3
      },
      "unitWorth": 1000,
      "weight": 500
    },
    {
      "type": "item",
      "content": "minecraft:cake",
      "amountRange": {
        "min": 1,
        "max": 3
      },
      "unitWorth": 1000,
      "weight": 500
    },
    {
      "type": "item",
      "content": "minecraft:golden_carrot",
      "amountRange": {
        "min": 1,
        "max": 6
      },
      "unitWorth": 1000,
      "weight": 750
    },
    {
      "type": "item",
      "content": "minecraft:glistering_melon_slice",
      "amountRange": {
        "min": 3,
        "max": 48
      },
      "unitWorth": 160,
      "weight": 1000
    },
    {
      "type": "item",
      "content": "minecraft:composter",
      "amountRange": {
        "min": 1,
        "max": 3
      },
      "unitWorth": 800,
      "weight": 200
    }
  ]
}