{
  "content": [
    {
      "type": "item",
      "content": "minecraft:leather_leggings",
      "amountRange": {
        "min": 1,
        "max": 1
      },
      "unitWorth": 1750,
      "weight": 400
    },
    {
      "type": "item",
      "content": "minecraft:leather_boots",
      "amountRange": {
        "min": 1,
        "max": 1
      },
      "unitWorth": 1000,
      "weight": 400
    },
    {
      "type": "item",
      "content": "minecraft:leather_chestplate",
      "amountRange": {
        "min": 1,
        "max": 1
      },
      "unitWorth": 2000,
      "weight": 400
    },
    {
      "type": "item",
      "content": "minecraft:leather_helmet",
      "amountRange": {
        "min": 1,
        "max": 1
      },
      "unitWorth": 1250,
      "weight": 400
    },
    {
      "type": "item",
      "content": "minecraft:saddle",
      "amountRange": {
        "min": 1,
        "max": 1
      },
      "unitWorth": 2500,
      "weight": 200
    },
    {
      "type": "item",
      "content": "minecraft:leather_horse_armor",
      "amountRange": {
        "min": 1,
        "max": 1
      },
      "unitWorth": 3000,
      "weight": 150
    },
    {
      "type": "item",
      "content": "minecraft:leather",
      "amountRange": {
        "min": 1,
        "max": 1
      },
      "unitWorth": 500,
      "weight": 750
    }
  ]
}