{
  "content": [
    {
      "type": "item",
      "content": "minecraft:bookshelf",
      "amountRange": {
        "min": 1,
        "max": 8
      },
      "unitWorth": 500,
      "weight": 1000
    },
    {
      "type": "item",
      "content": "minecraft:lantern",
      "amountRange": {
        "min": 1,
        "max": 2
      },
      "unitWorth": 1000,
      "weight": 1000
    },
    {
      "type": "item",
      "content": "minecraft:glass",
      "amountRange": {
        "min": 2,
        "max": 16
      },
      "unitWorth": 250,
      "weight": 1000
    },
    {
      "type": "item",
      "content": "minecraft:clock",
      "amountRange": {
        "min": 1,
        "max": 1
      },
      "unitWorth": 2500,
      "weight": 200
    },
    {
      "type": "item",
      "content": "minecraft:compass",
      "amountRange": {
        "min": 1,
        "max": 1
      },
      "unitWorth": 2500,
      "weight": 200
    },
    {
      "type": "item",
      "content": "minecraft:lead",
      "amountRange": {
        "min": 1,
        "max": 1
      },
      "unitWorth": 5000,
      "weight": 200
    }
  ]
}