{
  "content": [
    {
      "type": "item",
      "content": "minecraft:paper",
      "amountRange": {
        "min": 4,
        "max": 48
      },
      "unitWorth": 63,
      "weight": 1000
    },
    {
      "type": "item",
      "content": "minecraft:glass_pane",
      "amountRange": {
        "min": 4,
        "max": 32
      },
      "unitWorth": 150,
      "weight": 1000
    },
    {
      "type": "item",
      "content": "minecraft:compass",
      "amountRange": {
        "min": 4,
        "max": 24
      },
      "unitWorth": 150,
      "weight": 1000
    },
    {
      "type": "item",
      "content": "minecraft:comparator",
      "amountRange": {
        "min": 1,
        "max": 5
      },
      "unitWorth": 750,
      "weight": 1000
    }
  ]
}