{
  "content": [
    {
      "type": "item",
      "content": "minecraft:map",
      "amountRange": {
        "min": 1,
        "max": 4
      },
      "unitWorth": 1500,
      "weight": 1000
    },
    {
      "type": "item",
      "content": "minecraft:item_frame",
      "amountRange": {
        "min": 1,
        "max": 8
      },
      "unitWorth": 350,
      "weight": 1000
    },
    {
      "type": "item-tag",
      "name": "Random Banners",
      "content": "minecraft:banners",
      "amountRange": {
        "min": 1,
        "max": 3
      },
      "unitWorth": 750,
      "weight": 400
    },
    {
      "type": "item",
      "content": "minecraft:flower_banner_pattern",
      "amountRange": {
        "min": 1,
        "max": 1
      },
      "unitWorth": 2000,
      "weight": 100
    },
    {
      "type": "item",
      "content": "minecraft:creeper_banner_pattern",
      "amountRange": {
        "min": 1,
        "max": 1
      },
      "unitWorth": 2000,
      "weight": 100
    },
    {
      "type": "item",
      "content": "minecraft:skull_banner_pattern",
      "amountRange": {
        "min": 1,
        "max": 1
      },
      "unitWorth": 2000,
      "weight": 100
    },
    {
      "type": "item",
      "content": "minecraft:mojang_banner_pattern",
      "amountRange": {
        "min": 1,
        "max": 1
      },
      "unitWorth": 3000,
      "weight": 80
    },
    {
      "type": "item",
      "content": "minecraft:globe_banner_pattern",
      "amountRange": {
        "min": 1,
        "max": 1
      },
      "unitWorth": 3000,
      "weight": 80
    }
  ]
}