{
  "content": [
    {
      "type": "item",
      "content": "minecraft:sandstone",
      "amountRange": {
        "min": 16,
        "max": 64
      },
      "unitWorth": 100,
      "weight": 500
    },
    {
      "type": "item",
      "content": "minecraft:chiseled_sandstone",
      "amountRange": {
        "min": 16,
        "max": 64
      },
      "unitWorth": 110,
      "weight": 500
    },
    {
      "type": "item",
      "content": "minecraft:brick",
      "amountRange": {
        "min": 8,
        "max": 64
      },
      "unitWorth": 100,
      "weight": 1000
    },
    {
      "type": "item",
      "content": "minecraft:chiseled_stone_bricks",
      "amountRange": {
        "min": 16,
        "max": 64
      },
      "unitWorth": 100,
      "weight": 1000
    },
    {
      "type": "item",
      "content": "minecraft:white_glazed_terracotta",
      "amountRange": {
        "min": 1,
        "max": 8
      },
      "unitWorth": 400,
      "weight": 600
    },
    {
      "type": "item",
      "content": "minecraft:yellow_glazed_terracotta",
      "amountRange": {
        "min": 1,
        "max": 8
      },
      "unitWorth": 400,
      "weight": 600
    },
    {
      "type": "item",
      "content": "minecraft:lime_glazed_terracotta",
      "amountRange": {
        "min": 1,
        "max": 8
      },
      "unitWorth": 400,
      "weight": 600
    }
  ]
}