{
  "content": [
    {
      "type": "item",
      "content": "minecraft:redstone",
      "amountRange": {
        "min": 2,
        "max": 32
      },
      "unitWorth": 300,
      "weight": 1000
    },
    {
      "type": "item",
      "content": "minecraft:redstone_block",
      "amountRange": {
        "min": 1,
        "max": 8
      },
      "unitWorth": 2700,
      "weight": 1000
    },
    {
      "type": "item",
      "content": "minecraft:redstone_torch",
      "amountRange": {
        "min": 1,
        "max": 12
      },
      "unitWorth": 320,
      "weight": 1000
    },
    {
      "type": "item",
      "content": "minecraft:redstone_lamp",
      "amountRange": {
        "min": 1,
        "max": 3
      },
      "unitWorth": 1300,
      "weight": 1000
    }
  ]
}