{
  "content": [
    {
      "type": "item",
      "content": "minecraft:cobblestone",
      "amountRange": {
        "min": 8,
        "max": 64
      },
      "unitWorth": 25,
      "weight": 1000
    },
    {
      "type": "item",
      "content": "minecraft:stick",
      "amountRange": {
        "min": 8,
        "max": 64
      },
      "unitWorth": 25,
      "weight": 1000
    },
    {
      "type": "item",
      "content": "minecraft:iron_nugget",
      "amountRange": {
        "min": 3,
        "max": 15
      },
      "unitWorth": 56,
      "weight": 1000
    },
    {
      "type": "item",
      "content": "minecraft:gold_nugget",
      "amountRange": {
        "min": 3,
        "max": 15
      },
      "unitWorth": 80,
      "weight": 1000
    },
    {
      "type": "item",
      "content": "minecraft:gold_ingot",
      "amountRange": {
        "min": 1,
        "max": 12
      },
      "unitWorth": 850,
      "weight": 1000
    },
    {
      "type": "item",
      "content": "minecraft:diamond",
      "amountRange": {
        "min": 1,
        "max": 12
      },
      "unitWorth": 2000,
      "weight": 1000
    }
  ]
}