{
  "content": [
    {
      "type": "item",
      "content": "minecraft:shears",
      "amountRange": {
        "min": 1,
        "max": 2
      },
      "unitWorth": 1500,
      "weight": 1000
    },
    {
      "type": "item",
      "content": "minecraft:stone_axe",
      "amountRange": {
        "min": 1,
        "max": 1
      },
      "unitWorth": 450,
      "weight": 1000
    },
    {
      "type": "item",
      "content": "minecraft:stone_shovel",
      "amountRange": {
        "min": 1,
        "max": 1
      },
      "unitWorth": 450,
      "weight": 1000
    },
    {
      "type": "item",
      "content": "minecraft:stone_pickaxe",
      "amountRange": {
        "min": 1,
        "max": 1
      },
      "unitWorth": 450,
      "weight": 1000
    },
    {
      "type": "item",
      "content": "minecraft:stone_hoe",
      "amountRange": {
        "min": 1,
        "max": 1
      },
      "unitWorth": 450,
      "weight": 1000
    },
    {
      "type": "item",
      "content": "minecraft:iron_axe",
      "amountRange": {
        "min": 1,
        "max": 1
      },
      "unitWorth": 3000,
      "weight": 500
    },
    {
      "type": "item",
      "content": "minecraft:iron_shovel",
      "amountRange": {
        "min": 1,
        "max": 1
      },
      "unitWorth": 1000,
      "weight": 500
    },
    {
      "type": "item",
      "content": "minecraft:iron_pickaxe",
      "amountRange": {
        "min": 1,
        "max": 1
      },
      "unitWorth": 2700,
      "weight": 500
    },
    {
      "type": "item",
      "content": "minecraft:iron_hoe",
      "amountRange": {
        "min": 1,
        "max": 1
      },
      "unitWorth": 1750,
      "weight": 500
    },
    {
      "type": "item",
      "content": "minecraft:diamond_axe",
      "amountRange": {
        "min": 1,
        "max": 1
      },
      "unitWorth": 15000,
      "weight": 20
    },
    {
      "type": "item",
      "content": "minecraft:diamond_shovel",
      "amountRange": {
        "min": 1,
        "max": 1
      },
      "unitWorth": 5000,
      "weight": 20
    },
    {
      "type": "item",
      "content": "minecraft:diamond_pickaxe",
      "amountRange": {
        "min": 1,
        "max": 1
      },
      "unitWorth": 15000,
      "weight": 20
    },
    {
      "type": "item",
      "content": "minecraft:diamond_hoe",
      "amountRange": {
        "min": 1,
        "max": 1
      },
      "unitWorth": 10000,
      "weight": 30
    }
  ]
}