{
  "type": "minecraft:crafting_shaped",
  "pattern": [
    "XAX",
    "ACA",
    "OFO"
  ],
  "key": {
    "X": {
      "item": "minecraft:diamond_block"
    },
    "A": {
      "item": "eidolon:arcane_gold_ingot"
    },
    "C": {
      "item": "waystones:warp_stone"
    },
    "O": {
      "item": "charm:refined_obsidian"
    },
    "F": {
      "item": "minecraft:enchanting_table"
    }
  },
  "result": {
    "item": "disenchanting:disenchanter"
  },
  "pools": []
}