{
  "dimensions": [
    {
      "name": "nether",
      "dimension-names": [ "nether" ],
      "rain": false,
      "storm": false,
      "biome-selector": {
        "always": false
      },
      "regions": [
        {
          "name": "nether",
          "sounds": [
            {
              "name": "nether",
              "files": [ "ambientsounds:suspense.nether" ],
              "volume": 1.0
            }
          ]
        }
      ]
    },
    {
      "name": "the end",
      "dimension-names": [ "the*end" ],
      "rain": false,
      "storm": false,
      "average-height": 0,
      "biome-selector": {
        "always": false
      },
      "regions": [
        {
          "name": "end",
          "sounds": [
            {
              "name": "suspense",
              "volume": 0.3,
              "files": [ "ambientsounds:suspense.end" ]
            }
          ]
        }
      ]
    },
    {
      "name": "abyssalcraft",
      "dimension-names": [ "The Abyssal Wasteland", "The Dreadlands", "Omothol", "The Dark Realm" ],
      "biome-selector": {
        "always": false
      },
      "regions": [
        {
          "name": "abyssalcraft-dark",
          "volume": 0.2,
          "sounds": [
            {
              "name": "suspense",
              "files": [ "ambientsounds:suspense.end" ]
            }
          ]
        }
      ]
    },
    {
      "name": "void",
      "dimension-names": [ "The Void", "???" ],
      "biome-selector": {
        "always": false
      },
      "regions": [
        {
          "name": "void-dark",
          "volume": 0.2,
          "sounds": [
            {
              "name": "suspense",
              "files": [ "ambientsounds:suspense.end" ]
            }
          ]
        }
      ]
    },
    {
      "name": "twilight_forest",
      "dimension-names": [ "twilightforest" ],
      "biome-selector": {
        "regions": [ "surface" ]
      },
      "regions": [
        {
          "name": "twilight_forest-dark",
          "volume": 0.2,
          "sounds": [
            {
              "name": "suspense",
              "files": [ "ambientsounds:suspense.end" ]
            }
          ]
        }
      ]
    },
    {
      "name": "betweenlands",
      "dimension-names": [ "betweenlands" ],
      "average-height": 0
    },
    {
      "name": "cave-dimensions",
      "dimension-names": [ "deep_dark", "underground" ],
      "biome-selector": {
        "always": false
      },
      "regions": [
        {
          "name": "deepcave",
          "sounds": [
            {
              "name": "cave",
              "files": [ "ambientsounds:suspense.cave" ]
            }
          ]
        }
      ]
    },
    {
      "name": "midnight-dimension",
      "dimension-names": [ "midnight" ],
      "biome-selector": {
        "always": false
      }
    },
    {
      "name": "galacticraft",
      "dimension-names": [ "moon", "space", "asteroids" ],
      "disable-all": true,
      "biome-selector": {
        "always": false
      }
    },
    {
      "name": "galacticraft.planets",
      "dimension-names": [ "mars", "venus" ],
      "biome-selector": {
        "always": false
      },
      "regions": [
        {
          "name": "planet-wind",
          "volume": 0.3,
          "bad-regions": [ "cave-ambience" ],
          "sounds": [
            {
              "name": "wind",
              "files": [ "ambientsounds:wind.wind" ]
            }
          ]
        }
      ]
    },
    {
      "name": "surface",
      "biome-selector": {
        "regions": [ "surface" ]
      }
    }
  ],
  "regions": [
    {
      "name": "underwater",
      "mute": 0.9,
      "fade-volume": 0.1,
      "fade-pitch": 0.1,
      "pitch": 2.0,
      "underwater": {
        "min": 0.01
      },
      "underwater-pitch": {
        "min": 0,
        "max": 1,
        "distance-factor": -0.1
      },
      "sounds": [
        {
          "name": "underwater",
          "files": [ "ambientsounds:water.underwater" ]
        }
      ]
    },
    {
      "name": "rain",
      "raining": true,
      "regions": [ "surface" ],
      "bad-regions": [ "cold" ],
      "sounds": [
        {
          "name": "rain",
          "files": [ "ambientsounds:weather.rain" ]
        }
      ],
      "mute": 0.8
    },
    {
      "name": "storm-close",
      "storming": true,
      "bad-regions": [ "cold" ],
      "regions": [ "surface" ],
      "sounds": [
        {
          "name": "storm-close",
          "files": [ "ambientsounds:weather.storm-close" ]
        },
        {
          "name": "wind",
          "files": [ "ambientsounds:wind.wind" ],
          "outside": true,
          "volume": 0.4,
          "mute": 0.3
        }
      ]
    },
    {
      "name": "storm-away",
      "storming": true,
      "bad-regions": [ "cold" ],
      "regions": [ "cave", "sky" ],
      "relative-height": {
        "min": -30,
        "fade": 20
      },
      "sounds": [
        {
          "name": "storm-away",
          "files": [ "ambientsounds:weather.storm-away" ]
        },
        {
          "name": "howling-wind",
          "files": [ "ambientsounds:wind.howling-wind" ],
          "volume": 0.2
        }
      ]
    },
    {
      "name": "underworld",
      "absolute-height": {
        "min": -10000,
        "max": -5,
        "fade": 5
      }
    },
    {
      "name": "cave",
      "relative-height": {
        "max": -10,
        "fade": 5
      },
      "absolute-height": {
        "min": 0,
        "fade": 5
      }
    },
    {
      "name": "cave-ambience",
      "regions": [ "cave" ],
	  "bad-regions": [ "nether" ],
      "min-height-relative": {
        "max": -2,
        "fade": 2
      },
      "light": {
        "max": 8,
        "fade": 2
      },
      "blocks": {
        "materials": [ "rock" ]
      },
      "sounds": [
        {
          "name": "suspense",
          "files": [ "ambientsounds:suspense.cave1", "ambientsounds:suspense.cave2" ],
          "length": {
            "min": 400,
            "max": 700
          },
          "transition": 200
        }
      ]
    },
    {
      "name": "surface",
      "relative-height": {
        "min": -10,
        "max": 20,
        "fade": 10
      }
    },
    {
      "name": "sky",
      "relative-height": {
        "min": 15,
        "fade": 20
      },
      "absolute-height": {
        "max": 4000,
        "fade": 20
      },
      "bad-regions": [ "end" ],
      "sounds": [
        {
          "name": "light-wind",
          "files": [ "ambientsounds:wind.light-wind" ],
          "outside": true,
          "volume": 0.6
        }
      ]
    },
    {
      "name": "space",
      "absolute-height": {
        "min": 4000,
        "fade": 100
      }
    },
    {
      "name": "forest",
      "bad-regions": [ "taiga", "roofed-forest", "jungle" ],
      "variants": [
        {
          "special-biomes": {
            "trees-per-chunk": {
              "min": 5
            },
            "temperature": {
              "min": 0.2,
              "max": 1.5
            },
            "top-block": [ "minecraft:grass" ]
          }
        },
        {
          "biomes": [ "forest", "blossom", "mangrove", "woods", "orchard", "origin island", "thicket", "woodland", "grove", "origin valley", "rainforest", "lush hills", "orchad", "valley", "origin island", "birch hills", "twilight clearing" ]
        },
        {
          "regions": [ "swamp" ],
          "volume": 0.3
        }
      ],
      "sounds": [
        {
          "name": "bird-ambience",
          "files": [ "ambientsounds:animals.bird-ambience1", "ambientsounds:animals.bird-ambience2", "ambientsounds:animals.bird-ambience3", "ambientsounds:animals.bird-ambience4", "ambientsounds:animals.bird-ambience5", "ambientsounds:animals.bird-ambience6", "ambientsounds:animals.bird-ambience7", "ambientsounds:animals.bird-ambience8" ],
          "length": {
            "min": 2000,
            "max": 3000
          },
          "transition": 400,
          "day": 1,
          "night": 0.3
        },
        {
          "name": "owl",
          "files": [ "ambientsounds:animals.owl" ],
          "pause": {
            "min": 10,
            "max": 100
          },
          "night": 1,
          "day": 0
        }
      ]
    },
    {
      "name": "cold-forest",
      "special-biomes": {
        "temperature": {
          "max": 0.5
        },
        "trees-per-chunk": {
          "min": 1
        }
      },
      "sounds": [
        {
          "name": "crow",
          "files": [ "ambientsounds:animals.crow" ],
          "pause": {
            "min": 100,
            "max": 400
          },
          "day": 1,
          "night": 0.5
        }
      ]
    },
    {
      "name": "taiga",
      "special-biomes": {
        "temperature": {
          "min": 0.2
        }
      },
      "biomes": [ "taiga", "grove", "jade cliffs", "shield", "coniferous forest", "land of lakes", "snowy*forest", "temperate rainforest", "seasonal forest", "spruce", "meneglin", "redwood", "dead forest", "ominous woods", "autumnal forest", "boreal forest", "maple wood", "meadow", "thornlands", "twilight highlands" ],
      "sounds": [
        {
          "name": "bird-ambience-huge",
          "files": [ "ambientsounds:animals.bird-ambience-huge1", "ambientsounds:animals.bird-ambience-huge2", "ambientsounds:animals.bird-ambience-huge3" ],
          "day": 1,
          "night": 0.2
        }
      ]
    },
    {
      "name": "highland",
      "biomes": [ "extreme*hills", "alps", "crag", "highland", "mountain", "volcanic island", "mountains", "cliffs", "defiled hills", "volcanic island", "final plateau", "twilight glaciers", "magnetic hills" ],
      "sounds": [
        {
          "name": "heavy-wind",
          "files": [ "ambientsounds:wind.heavy-wind" ],
          "outside": true,
          "volume": 0.5
        }
      ]
    },
    {
      "name": "mesa",
      "biomes": [ "mesa", "lush desert", "outback", "wasteland", "steppe", "arid highland", "canyon" ],
      "sounds": [
        {
          "name": "wind-mesa",
          "files": [ "ambientsounds:wind.mesa" ]
        }
      ]
    },
    {
      "name": "roofed-forest",
      "biomes": [ "roofed*forest" ],
      "sounds": [
        {
          "name": "bird-ambience-spooky",
          "files": [ "ambientsounds:animals.bird-ambience-spooky", "ambientsounds:animals.bird-ambience-spooky2", "ambientsounds:animals.bird-ambience-spooky3" ],
          "transition": 500,
          "length": {
            "min": 1500,
            "max": 3000
          },
          "day": 1,
          "night": 0.2
        }
      ]
    },
    {
      "name": "grass", 
      "bad-regions": [ "plains", "savanna", "swamp", "ocean", "highland", "jungle" ],
      "bad-biomes": [ "river" ],
      "special-biomes": {
        "top-block": [ "minecraft:grass" ],
        "temperature": {
          "min": 0.2
        }
      },
      "sounds": [
        {
          "name": "cricket",
          "files": [ "ambientsounds:animals.cricket", "ambientsounds:animals.cricket2" ],
          "overall-raining": false,
          "length": {
            "min": 1000,
            "max": 1500
          },
          "transition": 100,
          "day": 0.05,
          "night": 0
        },
        {
          "name": "cricket-night",
          "files": [ "ambientsounds:animals.cricket-night", "ambientsounds:animals.cricket-night2", "ambientsounds:animals.cricket-night3", "ambientsounds:animals.cricket-night4" ],
          "overall-raining": false,
          "length": {
            "min": 1000,
            "max": 1500
          },
          "transition": 100,
          "day": 0,
          "night": 0.05
        },
        {
          "name": "cicadas-night",
          "files": [ "ambientsounds:animals.cicadas-night" ],
          "day": 0,
          "night": 0.05
        }
      ]
    },
    {
      "name": "plains",
      "bad-regions": [ "ocean", "forest", "savanna", "swamp", "highland", "nether" ],
      "special-biomes": {
        "temperature": {
          "min": 0.2
        }
      },
      "variants": [
        {
          "biomes": [ "plains", "chaparral", "field", "flower", "grass", "oasis", "tundra", "mushroom*fields", "darklands", "badlands", "pasture", "rocky plateau", "tropics plains", "mycelium"  ]
        },
        {
          "bad-regions": [ "roofed-forest" ],
          "special-biomes": {
            "top-block": [ "minecraft:grass" ],
            "trees-per-chunk": {
              "max": 4
            }
          }
        }
      ],
      "sounds": [
        {
          "name": "cricket",
          "files": [ "ambientsounds:animals.cricket", "ambientsounds:animals.cricket2" ],
          "overall-raining": false,
          "length": {
            "min": 1000,
            "max": 1500
          },
          "transition": 100,
          "day": 0.3,
          "night": 0
        },
        {
          "name": "cricket-night",
          "files": [ "ambientsounds:animals.cricket-night", "ambientsounds:animals.cricket-night2", "ambientsounds:animals.cricket-night3", "ambientsounds:animals.cricket-night4" ],
          "overall-raining": false,
          "length": {
            "min": 1000,
            "max": 1500
          },
          "transition": 100,
          "day": 0,
          "night": 0.3
        },
        {
          "name": "cicadas-night",
          "files": [ "ambientsounds:animals.cicadas-night" ],
          "day": 0,
          "night": 0.3
        }
      ]
    },
    {
      "name": "savanna",
      "biomes": [ "savanna", "heathland", "prairie", "brushland", "lush desert", "outback", "shrubland", "spiny forest" ],
      "sounds": [
        {
          "name": "cricket",
          "files": [ "ambientsounds:animals.cricket", "ambientsounds:animals.cricket2" ],
          "overall-raining": false,
          "length": {
            "min": 1000,
            "max": 1500
          },
          "transition": 100,
          "day": 0.25,
          "night": 0
        },
        {
          "name": "cicadas",
          "files": [ "ambientsounds:animals.cicadas" ],
          "overall-raining": false,
          "day": 0.15,
          "night": 0.01,
          "length": {
            "min": 100,
            "max": 300
          },
          "pause": {
            "min": 100,
            "max": 600
          }
        },
        {
          "name": "cicadas-desert",
          "files": [ "ambientsounds:animals.cicadas-desert" ],
          "overall-raining": false,
          "special-biomes": {
            "temperature": {
              "min": 0.8
            }
          },
          "day": 1,
          "night": 0,
          "length": {
            "min": 400,
            "max": 900
          },
          "pause": {
            "min": 500,
            "max": 1000
          }
        },
        {
          "name": "cricket-warm-night",
          "files": [ "ambientsounds:animals.cricket-warm-night", "ambientsounds:animals.cricket-warm-night2" ],
          "overall-raining": false,
          "length": {
            "min": 1000,
            "max": 1500
          },
          "transition": 100,
          "day": 0,
          "night": 0.3
        },
        {
          "name": "wolf",
          "files": [ "ambientsounds:animals.wolf" ],
          "pause": {
            "min": 100,
            "max": 600
          },
          "day": 0
        },
        {
          "name": "bird-warm",
          "files": [ "ambientsounds:animals.bird-ambience-warm" ],
          "overall-raining": false,
          "day": 1,
          "night": 0
        }
      ]
    },
    {
      "name": "desert",
      "bad-regions": [ "beach", "ocean" ],
      "sounds": [
        {
          "name": "cicadas-desert",
          "files": [ "ambientsounds:animals.cicadas-desert" ],
          "special-biomes": {
            "temperature": {
              "min": 0.8
            }
          },
          "day": 1,
          "night": 0,
          "length": {
            "min": 300,
            "max": 600
          },
          "pause": {
            "min": 200,
            "max": 500
          }
        },
        {
          "name": "light-wind",
          "files": [ "ambientsounds:wind.light-wind" ],
          "outside": true
        }
      ],
      "variants": [
        {
          "biomes": [ "desert", "quagmire", "petrified forest", "menelaus", "dry scrub" ],
          "bad-biomes": [ "lush desert" ]
        },
        {
          "special-biomes": {
            "top-block": [ "minecraft:sand" ]
          }
        }
      ]
    },
    {
      "name": "swamp",
      "biomes": [ "swamp", "bayou", "bog", "marsh", "moor", "fen", "mystic grove", "bamboo marsh", "silkglades", "sludgepit", "wetland", "quagmire", "dead forest", "patchy islands", "deep waters", "coarse islands", "erebus", "fungal forest", "tyros swamp" ],
      "special-biomes": {
        "temperature": {
          "min": 0.5,
          "max": 2
        }
      },
      "sounds": [
        {
          "name": "cricket-swamp",
          "files": [ "ambientsounds:animals.cricket-swamp" ],
          "day": 0.3,
          "night": 0,
          "overall-raining": false
        },
        {
          "name": "cricket-warm-night",
          "files": [ "ambientsounds:animals.cricket-warm-night", "ambientsounds:animals.cricket-warm-night2" ],
          "overall-raining": false,
          "length": {
            "min": 1000,
            "max": 1500
          },
          "transition": 100,
          "day": 0,
          "night": 0.3
        },
        {
          "name": "frog",
          "files": [ "ambientsounds:animals.frog1", "ambientsounds:animals.frog2" ],
          "pause": {
            "min": 100,
            "max": 750
          },
          "day": 0.05,
          "night": 0.15
        }
      ]
    },
    {
      "name": "jungle",
      "biomes": [ "jungle", "sacred springs", "tropical", "bamboo forest", "bambona beach", "encalyptus forest", "overgrown cliffs", "tropics", "tyros" ],
      "bad-biomes": [ "tropics plains", "tropics beach", "tyros swamp", "subtropical forest", "tropical*extreme hills" ],
      "special-biomes": {
        "temperature": {
          "min": 0.5
        }
      },
      "sounds": [
        {
          "name": "cricket-jungle",
          "files": [ "ambientsounds:animals.cricket-jungle" ],
          "day": 1,
          "night": 0
        },
        {
          "name": "cricket-jungle-night",
          "files": [ "ambientsounds:animals.cricket-jungle-night" ],
          "day": 0,
          "night": 1
        },
        {
          "name": "bird-ambience-jungle",
          "files": [ "ambientsounds:animals.bird-ambience-jungle" ],
          "day": 1,
          "night": 0
        },
        {
          "name": "bird-ambience-jungle-night",
          "files": [ "ambientsounds:animals.bird-ambience-jungle-night", "ambientsounds:animals.bird-ambience-jungle-night2" ],
          "length": {
            "min": 1500,
            "max": 2000
          },
          "transition": 200,
          "day": 0,
          "night": 1
        }
      ]
    },
    {
      "name": "cold",
      "variants": [
        {
          "biomes": [ "frozen", "ice", "cold", "arctic", "glacier", "snow" ],
          "bad-biomes": [ "arctic peaks" ]
        },
        {
          "special-biomes": {
            "top-block": [ "minecraft:snow" ]
          }
        },
        {
          "special-biomes": {
            "temperature": {
              "max": 0,
              "min": -5
            }
          }
        }
      ],
      "sounds": [
        {
          "name": "light-wind",
          "files": [ "ambientsounds:wind.light-wind", "ambientsounds:wind.wind" ],
          "outside": true,
          "transition": 200,
          "length": {
            "min": 1000,
            "max": 5000
          }
        }
      ]
    },
    {
      "name": "beach",
      "biomes": [ "beach", "shore", "tropics beach" ],
      "bad-biomes": [ "gravel_beach" ],
      "special-biomes": {
        "temperature": {
          "min": 0
        }
      },
      "sounds": [
        {
          "name": "beach",
          "files": [ "ambientsounds:water.beach" ],
          "volume": 0.1
        },
        {
          "name": "seagull",
          "files": [ "ambientsounds:animals.seagull" ],
          "volume": 0.4,
          "pause": {
            "min": 750,
            "max": 1000
          }
        },
        {
          "name": "seagull-long",
          "files": [ "ambientsounds:animals.seagull-long" ],
          "length": {
          	"min": 30,
          	"max": 600
          },
          "pause": {
            "min": 750,
            "max": 1000
          }
        }
      ]
    },
    {
      "name": "ocean",
      "biomes": [ "ocean", "river", "coral reef", "kelp forest", "lake", "stream", "sea" ],
      "special-biomes": {
        "temperature": {
          "min": 0
        }
      },
      "sounds": [
        {
          "name": "ocean",
          "files": [ "ambientsounds:water.ocean" ],
          "volume": 0.1
        },
        {
          "name": "light-wind",
          "files": [ "ambientsounds:wind.light-wind" ],
          "outside": true,
          "volume": 0.4
        }
      ]
    }
  ]
}