{
  "pools": [
    {
      "name": "tier#1",
      "rolls": 1,
      "entries": [
        {
          "type": "item",
          "name": "paraglider:spirit_orb",
          "weight": 1,
          "conditions": [
            {
              "condition": "champions:entity_champion",
              "entity": "this",
              "minTier": 1,
              "maxTier": 1
            },
            {
              "condition": "killed_by_player"
            }
          ]
        }
      ]
    },
    {
      "name": "tier#2",
      "rolls": 2,
      "entries": [
        {
          "type": "item",
          "name": "paraglider:spirit_orb",
          "weight": 1,
          "conditions": [
            {
              "condition": "champions:entity_champion",
              "entity": "this",
              "minTier": 2,
              "maxTier": 2
            },
            {
              "condition": "killed_by_player"
            }
          ]
        }
      ]
    },
    {
      "name": "tier#3",
      "rolls": 3,
      "entries": [
        {
          "type": "item",
          "name": "paraglider:spirit_orb",
          "weight": 1,
          "conditions": [
            {
              "condition": "champions:entity_champion",
              "entity": "this",
              "minTier": 3,
              "maxTier": 3
            },
            {
              "condition": "killed_by_player"
            }
          ]
        }
      ]
    },
    {
      "name": "tier#4",
      "rolls": 6,
      "entries": [
        {
          "type": "item",
          "name": "paraglider:spirit_orb",
          "weight": 1,
          "conditions": [
            {
              "condition": "champions:entity_champion",
              "entity": "this",
              "minTier": 4,
              "maxTier": 4
            },
            {
              "condition": "killed_by_player"
            }
          ]
        }
      ]
    }
  ]
}