{
  "id": 204,
  "offset": {
    "x": 2,
    "z": 2
  },
  "features": [
    {
      "type": "sewer_hole",
      "positions": [{"x": 2, "z": 2}],
      "amount": {"min": 1, "max": 1}
    }
  ],
  "multipart": {
    "ceiling": {
      "models": [
        {
          "model": "dungeoncrawl:catacombs/multipart/corridor/ceiling",
          "offset": {
            "x": 1,
            "y": 5,
            "z": 1
          },
          "weight": 10
        },
        {
          "model": "dungeoncrawl:catacombs/multipart/corridor/ceiling_glowstone",
          "offset": {
            "x": 1,
            "y": 5,
            "z": 1
          }
        },
        {
          "model": "dungeoncrawl:catacombs/multipart/corridor/ceiling_lamp",
          "offset": {
            "x": 1,
            "y": 5,
            "z": 1
          }
        }
      ]
    },
    "entrance_north": {
      "conditions": {
        "rotated_north": true
      },
      "models": [
        {
          "model": "dungeoncrawl:catacombs/multipart/large_connector",
          "offset": {
            "z": -2
          },
          "rotation": "clockwise_180"
        }
      ],
      "alternatives": [
        {
          "model": "dungeoncrawl:catacombs/multipart/hidden_piston",
          "offset": {
            "x": 1,
            "z": -2
          },
          "rotation": "clockwise_180"
        }
      ]
    },
    "entrance_east": {
      "conditions": {
        "rotated_east": true
      },
      "models": [
        {
          "model": "dungeoncrawl:catacombs/multipart/large_connector",
          "offset": {
            "x": 4
          },
          "rotation": "counterclockwise_90"
        }
      ],
      "alternatives": [
        {
          "model": "dungeoncrawl:catacombs/multipart/hidden_piston",
          "offset": {
            "x": 4,
            "z": 1
          },
          "rotation": "counterclockwise_90"
        }
      ]
    },
    "entrance_west": {
      "conditions": {
        "rotated_west": true
      },
      "models": [
        {
          "model": "dungeoncrawl:catacombs/multipart/large_connector",
          "offset": {
            "x": -2
          },
          "rotation": "clockwise_90"
        }
      ],
      "alternatives": [
        {
          "model": "dungeoncrawl:catacombs/multipart/hidden_piston",
          "offset": {
            "x": -2,
            "z": 1
          },
          "rotation": "clockwise_90"
        }
      ]
    },
    "entrance_south": {
      "conditions": {
        "rotated_south": true
      },
      "models": [
        {
          "model": "dungeoncrawl:catacombs/multipart/large_connector",
          "offset": {
            "z": 4
          }
        }
      ],
      "alternatives": [
        {
          "model": "dungeoncrawl:catacombs/multipart/hidden_piston",
          "offset": {
            "x": 1,
            "z": 4
          }
        }
      ]
    }
  }
}