{
  "pools": [
    {
      "name": "main",
      "rolls": 1,
      "entries": [
        {
          "type": "minecraft:item",
          "name": "artifacts:steadfast_spikes"
        },
        {
          "type": "minecraft:item",
          "name": "artifacts:superstitious_hat"
        },
        {
          "type": "minecraft:item",
          "name": "artifacts:running_shoes"
        },
        {
          "type": "minecraft:item",
          "name": "artifacts:vampiric_glove"
        }
      ],
      "conditions": [
        {
          "condition": "minecraft:random_chance",
          "chance": 0.0
        }
      ]
    }
  ]
}