{
  "pools": [
    {
      "name": "main",
      "rolls": 1,
      "entries": [
        {
          "type": "minecraft:item",
          "name": "artifacts:cross_necklace"
        },
        {
          "type": "minecraft:item",
          "name": "artifacts:antidote_vessel"
        },
        {
          "type": "minecraft:item",
          "name": "artifacts:charm_of_sinking"
        }
      ],
      "conditions": [
        {
          "condition": "minecraft:random_chance",
          "chance": 0.0
        }
      ]
    }
  ]
}