{
  "pools": [
    {
      "name": "main",
      "rolls": 1,
      "entries": [
        {
          "type": "minecraft:item",
          "weight": 3,
          "name": "artifacts:umbrella"
        },
        {
          "type": "minecraft:item",
          "weight": 2,
          "name": "artifacts:whoopee_cushion"
        },
        {
          "type": "minecraft:item",
          "name": "artifacts:kitty_slippers"
        },
        {
          "type": "minecraft:item",
          "name": "artifacts:bunny_hoppers"
        },
        {
          "type": "minecraft:item",
          "name": "artifacts:scarf_of_invisibility"
        }
      ],
      "conditions": [
        {
          "condition": "minecraft:random_chance",
          "chance": 0.0
        }
      ]
    }
  ]
}