{
  "type": "minecraft:chest",
  "pools": [
    {
      "rolls": 2,
      "entries": [
        {
          "type": "minecraft:loot_table",
          "name": "minecraft:chests/legends/enchantments/high"
        },
        {
          "type": "minecraft:loot_table",
          "name": "minecraft:chests/legends/equipment/arrows_bundle"
        },
        {
          "type": "minecraft:loot_table",
          "name": "minecraft:chests/legends/gears/medium"
        },
        {
          "type": "minecraft:loot_table",
          "name": "minecraft:chests/legends/materials/high"
        },
        {
          "type": "minecraft:loot_table",
          "name": "minecraft:chests/legends/materials/medium"
        },
        {
          "type": "minecraft:loot_table",
          "name": "minecraft:chests/legends/equipment/high"
        },
        {
          "type": "minecraft:loot_table",
          "name": "minecraft:chests/legends/equipment/medium"
        },
        {
          "type": "minecraft:loot_table",
          "name": "minecraft:chests/legends/experience/medium"
        }
      ]
    },
    {
      "rolls": 2,
      "entries": [
        {
          "type": "minecraft:loot_table",
          "name": "minecraft:chests/legends/equipment/arrows_bundle"
        },
        {
          "type": "minecraft:loot_table",
          "name": "minecraft:chests/legends/materials/high"
        },
        {
          "type": "minecraft:loot_table",
          "name": "minecraft:chests/legends/materials/medium"
        },
        {
          "type": "minecraft:loot_table",
          "name": "minecraft:chests/legends/experience/low"
        },
        {
          "type": "minecraft:loot_table",
          "name": "minecraft:chests/legends/commons/cave"
        }
      ]
    }
  ]
}
