{
  "type": "minecraft:chest",
  "pools": [
    {
      "rolls": 1,
      "entries": [
        {
          "type": "minecraft:loot_table",
          "name": "minecraft:chests/legends/equipment/arrows"
        },
        {
          "type": "minecraft:loot_table",
          "name": "minecraft:chests/legends/equipment/arrows_bundle"
        }
      ]
    },
    {
      "rolls": 1,
      "entries": [
        {
          "type": "minecraft:loot_table",
          "name": "minecraft:chests/legends/experience/high"
        }
      ]
    },
    {
      "rolls": 1,
      "entries": [
        {
          "type": "minecraft:loot_table",
          "name": "minecraft:chests/legends/equipment/medium"
        },
        {
          "type": "minecraft:loot_table",
          "name": "minecraft:chests/legends/equipment/high"
        }
      ]
    },
    {
      "rolls": 1,
      "entries": [
        {
          "type": "minecraft:loot_table",
          "name": "minecraft:chests/legends/materials/high"
        }
      ]
    },
    {
      "rolls": 1,
      "entries": [
        {
          "type": "minecraft:loot_table",
          "weight": 1,
          "name": "minecraft:chests/legends/baubles/overworld"
        },
        {
          "type": "minecraft:loot_table",
          "weight": 3,
          "name": "minecraft:chests/legends/enchantments/high"
        },
        {
          "type": "minecraft:loot_table",
          "weight": 3,
          "name": "minecraft:chests/legends/gears/high"
        }
      ]
    }
  ]
}
