{
  "variants": {
    "": [
      {
        "model": "byg:block/leaf_pile"
      },
      {
        "model": "byg:block/leaf_pile",
        "y": 90
      },
      {
        "model": "byg:block/leaf_pile",
        "y": 180
      },
      {
        "model": "byg:block/leaf_pile",
        "y": 270
      },
	        {
        "model": "byg:block/leaf_pile1"
      },
      {
        "model": "byg:block/leaf_pile1",
        "y": 90
      },
      {
        "model": "byg:block/leaf_pile1",
        "y": 180
      },
      {
        "model": "byg:block/leaf_pile1",
        "y": 270
      },
	        {
        "model": "byg:block/leaf_pile2"
      },
      {
        "model": "byg:block/leaf_pile2",
        "y": 90
      },
      {
        "model": "byg:block/leaf_pile2",
        "y": 180
      },
      {
        "model": "byg:block/leaf_pile2",
        "y": 270
      },      {
        "model": "byg:block/leaf_pile3"
      },
      {
        "model": "byg:block/leaf_pile3",
        "y": 90
      },
      {
        "model": "byg:block/leaf_pile3",
        "y": 180
      },
      {
        "model": "byg:block/leaf_pile3",
        "y": 270
      },      {
        "model": "byg:block/leaf_pile4"
      },
      {
        "model": "byg:block/leaf_pile4",
        "y": 90
      },
      {
        "model": "byg:block/leaf_pile4",
        "y": 180
      },
      {
        "model": "byg:block/leaf_pile4",
        "y": 270
      },
	        {
        "model": "byg:block/leaf_pile5"
      },
      {
        "model": "byg:block/leaf_pile5",
        "y": 90
      },
      {
        "model": "byg:block/leaf_pile5",
        "y": 180
      },
      {
        "model": "byg:block/leaf_pile5",
        "y": 270
      },
	        {
        "model": "byg:block/leaf_pile6"
      },
      {
        "model": "byg:block/leaf_pile6",
        "y": 90
      },
      {
        "model": "byg:block/leaf_pile6",
        "y": 180
      },
      {
        "model": "byg:block/leaf_pile6",
        "y": 270
      },
	        {
        "model": "byg:block/leaf_pile7"
      },
      {
        "model": "byg:block/leaf_pile7",
        "y": 90
      },
      {
        "model": "byg:block/leaf_pile7",
        "y": 180
      },
      {
        "model": "byg:block/leaf_pile7",
        "y": 270
      }
    ]
  }
}
