{
	"variants": {
		"axis=x": [
			{ "model": "byg:block/rainbow_eucalyptus_log", "x": 90, "y": 90 },
			{ "model": "byg:block/rainbow_eucalyptus_log1", "x": 90, "y": 90 },
			{ "model": "byg:block/rainbow_eucalyptus_log2", "x": 90, "y": 90 },
			{ "model": "byg:block/rainbow_eucalyptus_log3", "x": 90, "y": 90 },
			{ "model": "byg:block/rainbow_eucalyptus_log4", "x": 90, "y": 90 },
			{ "model": "byg:block/rainbow_eucalyptus_log5", "x": 90, "y": 90 }
		],
		"axis=y": [
			{ "model": "byg:block/rainbow_eucalyptus_log" },
			{ "model": "byg:block/rainbow_eucalyptus_log1" },
			{ "model": "byg:block/rainbow_eucalyptus_log2" },
			{ "model": "byg:block/rainbow_eucalyptus_log3" },
			{ "model": "byg:block/rainbow_eucalyptus_log4" },
			{ "model": "byg:block/rainbow_eucalyptus_log5" }
		],
		"axis=z": [
			{ "model": "byg:block/rainbow_eucalyptus_log", "x": 90 },
			{ "model": "byg:block/rainbow_eucalyptus_log1", "x": 90 },
			{ "model": "byg:block/rainbow_eucalyptus_log2", "x": 90 },
			{ "model": "byg:block/rainbow_eucalyptus_log3", "x": 90 },
			{ "model": "byg:block/rainbow_eucalyptus_log4", "x": 90 },
			{ "model": "byg:block/rainbow_eucalyptus_log5", "x": 90 }
		]
	}
}
