{
	"variants": {
		"axis=x": [
			{ "model": "byg:block/witch_hazel_log", "x": 90, "y": 90 },
			{ "model": "byg:block/witch_hazel_log_2", "x": 90, "y": 90 },
			{ "model": "byg:block/witch_hazel_log_3", "x": 90, "y": 90 },
			{ "model": "byg:block/witch_hazel_log_4", "x": 90, "y": 90 },
			{ "model": "byg:block/witch_hazel_log_5", "x": 90, "y": 90 }
		],
		"axis=y": [
			{ "model": "byg:block/witch_hazel_log" },
			{ "model": "byg:block/witch_hazel_log_2" },
			{ "model": "byg:block/witch_hazel_log_3" },
			{ "model": "byg:block/witch_hazel_log_4" },
			{ "model": "byg:block/witch_hazel_log_5" }
		],
		"axis=z": [
			{ "model": "byg:block/witch_hazel_log", "x": 90 },
			{ "model": "byg:block/witch_hazel_log_2", "x": 90 },
			{ "model": "byg:block/witch_hazel_log_3", "x": 90 },			
			{ "model": "byg:block/witch_hazel_log_4", "x": 90 },
			{ "model": "byg:block/witch_hazel_log_5", "x": 90 }
		]
	}
}
