{
  "type": "minecraft:chest",
  "pools": [
    {
      "rolls": {
        "min": 2,
        "max": 3
      },
      "entries": [
        {
          "type": "minecraft:tag",
          "weight": 4,
          "name": "spartanweaponry:stone_weapons",
          "expand": true
        },
        {
          "type": "minecraft:tag",
          "weight": 5,
          "name": "spartanweaponry:wooden_weapons",
          "expand": true
        }
      ]
    },
    {
      "rolls": {
        "min": 1,
        "max": 3
      },
      "entries": [
        {
          "type": "minecraft:item",
          "weight": 5,
          "name": "minecraft:iron_ingot"
        },
        {
          "type": "minecraft:item",
          "weight": 20,
          "name": "minecraft:bread"
        },
        {
          "type": "minecraft:item",
          "weight": 10,
          "name": "minecraft:iron_nugget",
          "functions": [
            {
              "function": "minecraft:set_count",
              "count": {
                "min": 4,
                "max": 6
              }
            }
          ]
        },
        {
          "type": "minecraft:item",
          "weight": 15,
          "name": "minecraft:coal",
          "functions": [
            {
              "function": "minecraft:set_count",
              "count": {
                "min": 4,
                "max": 6
              }
            }
          ]
        }
      ]
    },
    {
      "rolls": {
        "min": 1,
        "max": 2
      },
      "entries": [
        {
          "type": "minecraft:item",
          "weight": 10,
          "name": "minecraft:bone",
          "functions": [
            {
              "function": "minecraft:set_count",
              "count": {
                "min": 1,
                "max": 6
              }
            }
          ]
        },
        {
          "type": "minecraft:item",
          "weight": 10,
          "name": "minecraft:gunpowder",
          "functions": [
            {
              "function": "minecraft:set_count",
              "count": {
                "min": 1,
                "max": 6
              }
            }
          ]
        },
        {
          "type": "minecraft:item",
          "weight": 5,
          "name": "minecraft:string",
          "functions": [
            {
              "function": "minecraft:set_count",
              "count": {
                "min": 1,
                "max": 4
              }
            }
          ]
        }
      ]
    }
  ]
}
