{
  "type": "minecraft:chest",
  "pools": [
    {
      "rolls": 1,
      "entries": [
        {
          "type": "minecraft:loot_table",
          "name": "minecraft:chests/legends/enchantments/low"
        }
      ]
    },
    {
      "rolls": 1,
      "entries": [
        {
          "type": "minecraft:loot_table",
          "name": "minecraft:chests/legends/equipment/low"
        }
      ]
    },
    {
      "rolls": 1,
      "entries": [
        {
          "type": "minecraft:loot_table",
          "name": "minecraft:chests/legends/materials/medium"
        }
      ]
    },
    {
      "rolls": {
        "min": 1,
        "max": 2
      },
      "entries": [
        {
          "type": "minecraft:item",
          "weight": 35,
          "name": "minecraft:golden_carrot",
          "functions": [
            {
              "function": "minecraft:set_count",
              "count": {
                "min": 1,
                "max": 4
              }
            }
          ]
        },
        {
          "type": "minecraft:item",
          "weight": 30,
          "name": "minecraft:arrow",
          "functions": [
            {
              "function": "minecraft:set_count",
              "count": {
                "min": 2,
                "max": 4
              }
            }
          ]
        },
        {
          "type": "minecraft:item",
          "weight": 20,
          "name": "minecraft:writable_book"
        },
        {
          "type": "minecraft:item",
          "weight": 10,
          "name": "minecraft:music_disc_cat"
        },
        {
          "type": "minecraft:item",
          "weight": 5,
          "name": "minecraft:music_disc_blocks"
        },
        {
          "type": "minecraft:item",
          "weight": 10,
          "name": "minecraft:music_disc_chirp"
        },
        {
          "type": "minecraft:item",
          "weight": 5,
          "name": "minecraft:music_disc_far"
        },
        {
          "type": "minecraft:item",
          "weight": 10,
          "name": "minecraft:music_disc_mall"
        },
        {
          "type": "minecraft:item",
          "weight": 5,
          "name": "minecraft:music_disc_mellohi"
        },
        {
          "type": "minecraft:item",
          "weight": 10,
          "name": "minecraft:music_disc_stal"
        },
        {
          "type": "minecraft:item",
          "weight": 5,
          "name": "minecraft:music_disc_strad"
        },
        {
          "type": "minecraft:item",
          "weight": 10,
          "name": "minecraft:music_disc_ward"
        },
        {
          "type": "minecraft:item",
          "weight": 5,
          "name": "minecraft:music_disc_wait"
        },
        {
          "type": "minecraft:item",
          "weight": 1,
          "name": "ba_bt:monolith_key_land"
        }
      ]
    }
  ]
}
