{
  "type": "minecraft:chest",
  "pools": [
    {
      "rolls": 1,
      "entries": [
        {
          "type": "minecraft:empty",
          "weight": 60
        },
        {
          "type": "minecraft:item",
          "weight": 5,
          "name": "minecraft:iron_helmet",
          "functions": [
            {
              "function": "minecraft:enchant_randomly",
              "enchantments": [
                "minecraft:blast_protection",
                "minecraft:projectile_protection",
                "minecraft:protection",
                "minecraft:fire_protection",
                "minecraft:unbreaking"
              ]
            },
            {
              "function": "minecraft:enchant_randomly"
            }
          ]
        },
        {
          "type": "minecraft:item",
          "weight": 5,
          "name": "minecraft:iron_chestplate",
          "functions": [
            {
              "function": "minecraft:enchant_randomly",
              "enchantments": [
                "minecraft:blast_protection",
                "minecraft:projectile_protection",
                "minecraft:protection",
                "minecraft:fire_protection",
                "minecraft:unbreaking"
              ]
            },
            {
              "function": "minecraft:enchant_randomly"
            }
          ]
        },
        {
          "type": "minecraft:item",
          "weight": 5,
          "name": "minecraft:iron_leggings",
          "functions": [
            {
              "function": "minecraft:enchant_randomly",
              "enchantments": [
                "minecraft:blast_protection",
                "minecraft:projectile_protection",
                "minecraft:protection",
                "minecraft:fire_protection",
                "minecraft:unbreaking"
              ]
            },
            {
              "function": "minecraft:enchant_randomly"
            }
          ]
        },
        {
          "type": "minecraft:item",
          "weight": 5,
          "name": "minecraft:iron_boots",
          "functions": [
            {
              "function": "minecraft:enchant_randomly",
              "enchantments": [
                "minecraft:blast_protection",
                "minecraft:projectile_protection",
                "minecraft:protection",
                "minecraft:fire_protection",
                "minecraft:unbreaking",
                "minecraft:feather_falling"
              ]
            },
            {
              "function": "minecraft:enchant_randomly"
            }
          ]
        }
      ]
    },
    {
      "rolls": 3,
      "entries": [
        {
          "type": "minecraft:item",
          "weight": 50,
          "name": "minecraft:paper",
          "functions": [
            {
              "function": "minecraft:set_count",
              "count": {
                "min": 1,
                "max": 4
              }
            }
          ]
        },
        {
          "type": "minecraft:item",
          "weight": 15,
          "name": "minecraft:emerald",
          "functions": [
            {
              "function": "minecraft:set_count",
              "count": {
                "min": 1,
                "max": 4
              }
            }
          ]
        },
        {
          "type": "minecraft:item",
          "weight": 35,
          "name": "minecraft:leather",
          "functions": [
            {
              "function": "minecraft:set_count",
              "count": {
                "min": 1,
                "max": 3
              }
            }
          ]
        },
        {
          "type": "minecraft:item",
          "weight": 10,
          "name": "iceandfire:manuscript"
        },
        {
          "type": "minecraft:item",
          "weight": 25,
          "name": "minecraft:book"
        },
        {
          "type": "minecraft:item",
          "weight": 5,
          "name": "minecraft:writable_book"
        },
        {
          "type": "minecraft:item",
          "weight": 15,
          "name": "minecraft:ink_sac"
        },
        {
          "type": "minecraft:item",
          "weight": 2,
          "name": "patchouli:guide_book",
          "functions": [
            {
              "function": "minecraft:set_nbt",
              "tag": "{\"patchouli:book\": \"crockpot:book\"}"
            }
          ]
        },
        {
          "type": "minecraft:item",
          "weight": 2,
          "name": "eidolon:codex"
        },
        {
          "type": "minecraft:item",
          "weight": 2,
          "name": "alexsmobs:animal_dictionary"
        },
        {
          "type": "minecraft:item",
          "weight": 15,
          "name": "minecraft:feather",
          "functions": [
            {
              "function": "minecraft:set_count",
              "count": {
                "min": 2,
                "max": 3
              }
            }
          ]
        }
      ]
    }
  ]
}
