{
	"credit": "Made with Blockbench",
	"texture_size": [32, 16],
	"textures": {
		"0": "mutantbeasts:item/hulk_hammer",
		"particle": "mutantbeasts:item/hulk_hammer"
	},
	"elements": [
		{
			"name": "head",
			"from": [5.75, 7, 5.25],
			"to": [9.25, 10.5, 12.25],
			"rotation": {"angle": 0, "axis": "y", "origin": [5.75, 10.5, 5.25]},
			"faces": {
				"north": {"uv": [3.5, 7, 7, 14], "texture": "#0"},
				"east": {"uv": [0, 0, 7, 7], "texture": "#0"},
				"south": {"uv": [3.5, 7, 7, 14], "texture": "#0"},
				"west": {"uv": [0, 0, 7, 7], "texture": "#0"},
				"up": {"uv": [7, 0, 14, 7], "rotation": 90, "texture": "#0"},
				"down": {"uv": [7, 7, 14, 14], "rotation": 270, "texture": "#0"}
			}
		},
		{
			"name": "pommel",
			"from": [7.25, 2.05, 3.75],
			"to": [7.75, 3.55, 5.25],
			"rotation": {"angle": -45, "axis": "x", "origin": [7.5, 7.05, 8.75]},
			"faces": {
				"north": {"uv": [0, 11, 0.5, 14], "texture": "#0"},
				"east": {"uv": [1.5, 11, 3, 14], "texture": "#0"},
				"south": {"uv": [0, 13, 1.5, 14], "texture": "#0"},
				"west": {"uv": [0, 11, 1.5, 14], "texture": "#0"},
				"up": {"uv": [2.5, 8, 3, 11], "texture": "#0"},
				"down": {"uv": [0, 13, 1.5, 14], "rotation": 270, "texture": "#0"}
			}
		},
		{
			"name": "shaft",
			"from": [7.25, 3.05, 5.25],
			"to": [7.75, 3.55, 5.75],
			"rotation": {"angle": -45, "axis": "x", "origin": [7.5, 7.05, 8.75]},
			"faces": {
				"north": {"uv": [0, 13, 0.5, 14], "texture": "#0"},
				"east": {"uv": [0, 13, 0.5, 14], "texture": "#0"},
				"south": {"uv": [0, 13, 0.5, 14], "texture": "#0"},
				"west": {"uv": [0, 13, 0.5, 14], "texture": "#0"},
				"up": {"uv": [0, 13, 0.5, 14], "rotation": 90, "texture": "#0"},
				"down": {"uv": [0, 13, 0.5, 14], "rotation": 270, "texture": "#0"}
			}
		},
		{
			"name": "shaft",
			"from": [7.25, 3.55, 4.75],
			"to": [7.75, 4.05, 6.25],
			"rotation": {"angle": -45, "axis": "x", "origin": [7.5, 7.05, 8.75]},
			"faces": {
				"north": {"uv": [0, 13, 0.5, 14], "texture": "#0"},
				"east": {"uv": [1.5, 7, 3, 8], "texture": "#0"},
				"south": {"uv": [0, 13, 0.5, 14], "texture": "#0"},
				"west": {"uv": [0, 7, 1.5, 8], "texture": "#0"},
				"up": {"uv": [0, 13, 1.5, 14], "rotation": 90, "texture": "#0"},
				"down": {"uv": [0, 13, 1.5, 14], "rotation": 270, "texture": "#0"}
			}
		},
		{
			"name": "shaft",
			"from": [7.25, 4.05, 5.25],
			"to": [7.75, 4.55, 6.75],
			"rotation": {"angle": -45, "axis": "x", "origin": [7.5, 7.05, 8.75]},
			"faces": {
				"north": {"uv": [0, 12, 0.5, 13], "texture": "#0"},
				"east": {"uv": [1.5, 10, 3, 11], "texture": "#0"},
				"south": {"uv": [0, 13, 0.5, 14], "texture": "#0"},
				"west": {"uv": [0, 10, 1.5, 11], "texture": "#0"},
				"up": {"uv": [0, 12, 0.5, 13], "rotation": 90, "texture": "#0"},
				"down": {"uv": [0, 13, 1.5, 14], "rotation": 270, "texture": "#0"}
			}
		},
		{
			"name": "shaft",
			"from": [7.25, 4.55, 5.75],
			"to": [7.75, 5.05, 7.25],
			"rotation": {"angle": -45, "axis": "x", "origin": [7.5, 7.05, 8.75]},
			"faces": {
				"north": {"uv": [0, 13, 0.5, 14], "texture": "#0"},
				"east": {"uv": [1.5, 9, 3, 10], "texture": "#0"},
				"south": {"uv": [0, 13, 0.5, 14], "texture": "#0"},
				"west": {"uv": [0, 9, 1.5, 10], "texture": "#0"},
				"up": {"uv": [0, 13, 1.5, 14], "rotation": 90, "texture": "#0"},
				"down": {"uv": [0, 13, 1.5, 14], "rotation": 270, "texture": "#0"}
			}
		},
		{
			"name": "shaft",
			"from": [7.25, 5.05, 6.25],
			"to": [7.75, 5.55, 7.75],
			"rotation": {"angle": -45, "axis": "x", "origin": [7.5, 7.05, 8.75]},
			"faces": {
				"north": {"uv": [0, 12, 0.5, 13], "texture": "#0"},
				"east": {"uv": [1.5, 8, 3, 9], "texture": "#0"},
				"south": {"uv": [0, 13, 0.5, 14], "texture": "#0"},
				"west": {"uv": [0, 8, 1.5, 9], "texture": "#0"},
				"up": {"uv": [0, 12, 0.5, 13], "rotation": 90, "texture": "#0"},
				"down": {"uv": [0, 13, 1.5, 14], "rotation": 270, "texture": "#0"}
			}
		},
		{
			"name": "shaft",
			"from": [7.25, 5.75, 6.25],
			"to": [7.75, 6.25, 7.75],
			"rotation": {"angle": -45, "axis": "x", "origin": [7.5, 7.75, 8.75]},
			"faces": {
				"north": {"uv": [0, 12, 0.5, 13], "texture": "#0"},
				"east": {"uv": [1.5, 10, 3, 11], "texture": "#0"},
				"south": {"uv": [0, 13, 0.5, 14], "texture": "#0"},
				"west": {"uv": [0, 10, 1.5, 11], "texture": "#0"},
				"up": {"uv": [0, 12, 0.5, 13], "rotation": 90, "texture": "#0"},
				"down": {"uv": [0, 13, 1.5, 14], "rotation": 270, "texture": "#0"}
			}
		},
		{
			"name": "shaft",
			"from": [7.25, 6.25, 6.75],
			"to": [7.75, 6.75, 8.25],
			"rotation": {"angle": -45, "axis": "x", "origin": [7.5, 7.75, 8.75]},
			"faces": {
				"north": {"uv": [0, 12, 0.5, 13], "texture": "#0"},
				"east": {"uv": [1.5, 10, 3, 11], "texture": "#0"},
				"south": {"uv": [0, 13, 0.5, 14], "texture": "#0"},
				"west": {"uv": [0, 10, 1.5, 11], "texture": "#0"},
				"up": {"uv": [0, 12, 0.5, 13], "rotation": 90, "texture": "#0"},
				"down": {"uv": [0, 13, 1.5, 14], "rotation": 270, "texture": "#0"}
			}
		},
		{
			"name": "shaft",
			"from": [7.25, 6.75, 7.25],
			"to": [7.75, 7.25, 8.75],
			"rotation": {"angle": -45, "axis": "x", "origin": [7.5, 7.75, 8.75]},
			"faces": {
				"north": {"uv": [0, 13, 0.5, 14], "texture": "#0"},
				"east": {"uv": [1.5, 7, 3, 8], "texture": "#0"},
				"south": {"uv": [0, 13, 0.5, 14], "texture": "#0"},
				"west": {"uv": [0, 7, 1.5, 8], "texture": "#0"},
				"up": {"uv": [0, 13, 1.5, 14], "rotation": 90, "texture": "#0"},
				"down": {"uv": [0, 13, 1.5, 14], "rotation": 270, "texture": "#0"}
			}
		},
		{
			"name": "shaft",
			"from": [7.25, 7.25, 7.75],
			"to": [7.75, 7.75, 8.75],
			"rotation": {"angle": -45, "axis": "x", "origin": [7.5, 7.75, 8.75]},
			"faces": {
				"north": {"uv": [0, 13, 0.5, 14], "texture": "#0"},
				"east": {"uv": [0, 13, 1, 14], "texture": "#0"},
				"south": {"uv": [0, 13, 0.5, 14], "texture": "#0"},
				"west": {"uv": [0, 13, 1, 14], "texture": "#0"},
				"up": {"uv": [0, 13, 1, 14], "rotation": 90, "texture": "#0"},
				"down": {"uv": [0, 13, 1, 14], "rotation": 270, "texture": "#0"}
			}
		},
		{
			"name": "shaft end",
			"from": [7.25, 11, 3.75],
			"to": [7.75, 12.5, 5.25],
			"rotation": {"angle": -45, "axis": "x", "origin": [7.5, 16, 8.75]},
			"faces": {
				"north": {"uv": [0, 12, 0.5, 13], "texture": "#0"},
				"east": {"uv": [0, 12, 0.5, 13], "texture": "#0"},
				"south": {"uv": [0, 12, 0.5, 13], "texture": "#0"},
				"west": {"uv": [0, 12, 0.5, 13], "texture": "#0"},
				"up": {"uv": [0, 12, 0.5, 13], "rotation": 90, "texture": "#0"},
				"down": {"uv": [0, 12, 0.5, 13], "rotation": 270, "texture": "#0"}
			}
		}
	],
	"display": {
		"thirdperson_righthand": {
			"rotation": [0, -11, -3],
			"translation": [1.25, 7, 0.25],
			"scale": [2, 2, 2]
		},
		"thirdperson_lefthand": {
			"rotation": [0, -11, -3],
			"translation": [-0.25, 7, 0.25],
			"scale": [2, 2, 2]
		},
		"firstperson_righthand": {
			"rotation": [-4, 0, -5],
			"translation": [0, 5, 0],
			"scale": [1.25, 1.25, 1.25]
		},
		"firstperson_lefthand": {
			"rotation": [-4, 0, -5],
			"translation": [0, 5, 0],
			"scale": [1.25, 1.25, 1.25]
		},
		"ground": {
			"rotation": [45, 0, 0],
			"translation": [0, 1.5, -0.5]
		},
		"gui": {
			"rotation": [30, 119, -18],
			"translation": [-1.25, 2.75, 0],
			"scale": [1.38, 1.38, 1.38]
		},
		"head": {
			"rotation": [-31, -48, -30],
			"translation": [5.75, 9.5, 1],
			"scale": [2.25, -2.25, 2.25]
		},
		"fixed": {
			"rotation": [0, -90, 0],
			"translation": [1.25, 4.25, 0],
			"scale": [1.75, 1.75, 1.75]
		}
	}
}