{
  "pools": [
    {
      "name": "main",
      "rolls": 1,
      "entries": [
        {
          "type": "loot_table",
          "name": "minecraft:chests/stronghold_library",
          "weight": 0
        },
        {
          "type": "loot_table",
          "name": "minecraft:chests/simple_dungeon",
          "weight": 25
        },
        {
          "type": "loot_table",
          "name": "artifacts:chests/campsite_chest/tnt",
          "weight": 7
        },
        {
          "type": "loot_table",
          "name": "artifacts:chests/campsite_chest/fish",
          "weight": 7
        },
        {
          "type": "loot_table",
          "name": "artifacts:chests/campsite_chest/gold",
          "weight": 2
        },
        {
          "type": "loot_table",
          "name": "artifacts:chests/campsite_chest/diamonds",
          "weight": 1
        },
        {
          "type": "loot_table",
          "name": "artifacts:chests/campsite_chest/junk",
          "weight": 15
        }
      ]
    }
  ]
}
