{
  "modsRequired": ["quark"],
  "content": [
    {
      "type": "item",
      "content": "quark:apple_crate",
      "amountRange": {
        "min": 1,
        "max": 5
      },
      "unitWorth": 1500,
      "weight": 1000
    },
    {
      "type": "item",
      "content": "quark:beetroot_crate",
      "amountRange": {
        "min": 1,
        "max": 5
      },
      "unitWorth": 1000,
      "weight": 1000
    },
    {
      "type": "item",
      "content": "quark:potato_crate",
      "amountRange": {
        "min": 1,
        "max": 5
      },
      "unitWorth": 1000,
      "weight": 1000
    }
  ]
}