{
  "type": "minecraft:block",
  "pools": [
    {
      "rolls": 1,
      "entries": [
        {
          "type": "minecraft:item",
          "name": "bountiful:bountyboard",
          "functions": [
            {
              "function": "minecraft:copy_name",
              "source": "block_entity"
            },
            {
              "function": "minecraft:set_contents",
              "entries": [
                {
                  "type": "minecraft:dynamic",
                  "name": "minecraft:contents"
                }
              ]
            }
          ]
        }
      ]
    }
  ]
}
