{
    "variants": {
        "axis=y": [
			{ "model": "biomesoplenty:block/jacaranda_log", "weight":80},
			{ "model": "biomesoplenty:block/jacaranda_log_0", "weight":10},
            { "model": "biomesoplenty:block/jacaranda_log_1", "weight":10},
            { "model": "biomesoplenty:block/jacaranda_log_2", "weight":10}
		],
        "axis=z": [
			{ "model": "biomesoplenty:block/jacaranda_log", "weight":80, "x": 90 },
			{ "model": "biomesoplenty:block/jacaranda_log_0", "weight":10, "x": 90 },
            { "model": "biomesoplenty:block/jacaranda_log_1", "weight":10, "x": 90 },
            { "model": "biomesoplenty:block/jacaranda_log_2", "weight":10, "x": 90 }
		],
        "axis=x": [
			{ "model": "biomesoplenty:block/jacaranda_log", "weight":80, "x": 90, "y": 90 },
			{ "model": "biomesoplenty:block/jacaranda_log_0", "weight":10, "x": 90, "y": 90 },
            { "model": "biomesoplenty:block/jacaranda_log_1", "weight":10, "x": 90, "y": 90 },
            { "model": "biomesoplenty:block/jacaranda_log_2", "weight":10, "x": 90, "y": 90 }
		]
    }
}
