{
    "type": "charm:woodcutting",
    "ingredient": {
        "item": "minecraft:oak_planks"
    },
    "result": "minecraft:ladder",
    "count": 4,
    "conditions": [
        {
            "type": "forge:and",
            "values": [
                {
                    "type": "charm:module_enabled",
                    "module": "quark:building.module.variant_ladders_module"
                },
                {
                    "type": "charm:module_enabled",
                    "module": "charm:woodcutters"
                }
            ]
        }
    ]
}