{
  "type": "minecraft:chest",
  "pools": [
    {
      "rolls": 1,
      "bonus_rolls": 1,
      "entries": [
        {
          "type": "minecraft:loot_table",
          "name": "minecraft:chests/legends/materials/low"
        },
        {
          "type": "minecraft:loot_table",
          "name": "minecraft:chests/legends/equipment/low"
        },
        {
          "type": "minecraft:loot_table",
          "name": "minecraft:chests/legends/equipment/beginners"
        }
      ]
    },
    {
      "rolls": 1,
      "entries": [
        {
          "type": "minecraft:loot_table",
          "name": "minecraft:chests/legends/commons/forest"
        }
      ]
    }
  ]
}
