{
  "ambientocclusion": false,
  "textures": {
    "particle": "byg:block/poison_ivy",
    "vine": "byg:block/poison_ivy"
  },
  "elements": [
    {
      "from": [
        0,
        0,
        15.2
      ],
      "to": [
        16,
        16,
        15.2
      ],
      "shade": false,
      "faces": {
        "north": {
          "uv": [
            0,
            0,
            16,
            16
          ],
          "texture": "#vine",
          "tintindex": 0
        },
        "south": {
          "uv": [
            0,
            0,
            16,
            16
          ],
          "texture": "#vine",
          "tintindex": 0
        }
      }
    }
  ]
}
