{
  "name": "ba_bt:land_tower/land_default_246",
  "fallback": "minecraft:empty",
  "elements": [
    {
      "weight": 50,
      "element": {
        "location": "ba_bt:land_tower/cult_even_1_2",
        "processors": "minecraft:empty",
		"projection": "rigid",
        "element_type": "minecraft:single_pool_element"
      }
    },
    {
      "weight": 50,
      "element": {
        "location": "ba_bt:land_tower/barracks_open_even_1_2",
        "processors": "minecraft:empty",
        "projection": "rigid",
        "element_type": "minecraft:single_pool_element"
      }
    },
	{	
      "weight": 10,
      "element": {
        "location": "ba_bt:land_tower/barracks_even_1_2",
        "processors": "minecraft:empty",
		"projection": "rigid",
        "element_type": "minecraft:single_pool_element"
      }
    },
    {
      "weight": 4,
      "element": {
        "location": "ba_bt:land_tower/barracks_even_1_2_abandoned",
        "processors": "minecraft:empty",
        "projection": "rigid",
        "element_type": "minecraft:single_pool_element"
      }
    },
	{	
      "weight": 35,
      "element": {
        "location": "ba_bt:land_tower/library_even_1_2",
        "processors": "minecraft:empty",
		"projection": "rigid",
        "element_type": "minecraft:single_pool_element"
      }
    },
    {
      "weight": 50,
      "element": {
        "location": "ba_bt:land_tower/kitchen_even_1_2",
        "processors": "minecraft:empty",
        "projection": "rigid",
        "element_type": "minecraft:single_pool_element"
      }
    },
    {
      "weight": 50,
      "element": {
        "location": "ba_bt:land_tower/barracks_open_even_1_3",
        "processors": "minecraft:empty",
        "projection": "rigid",
        "element_type": "minecraft:single_pool_element"
      }
    },
	{	
      "weight": 35,
      "element": {
        "location": "ba_bt:land_tower/barracks_even_1_3",
        "processors": "minecraft:empty",
		"projection": "rigid",
        "element_type": "minecraft:single_pool_element"
      }
    },
    {
      "weight": 4,
      "element": {
        "location": "ba_bt:land_tower/barracks_even_1_3_abandoned",
        "processors": "minecraft:empty",
        "projection": "rigid",
        "element_type": "minecraft:single_pool_element"
      }
    },
	{	
      "weight": 35,
      "element": {
        "location": "ba_bt:land_tower/library_even_1_3",
        "processors": "minecraft:empty",
		"projection": "rigid",
        "element_type": "minecraft:single_pool_element"
      }
    },
    {
      "weight": 50,
      "element": {
        "location": "ba_bt:land_tower/kitchen_even_1_3",
        "processors": "minecraft:empty",
        "projection": "rigid",
        "element_type": "minecraft:single_pool_element"
      }
    },
	{	
      "weight": 50,
      "element": {
        "location": "ba_bt:land_tower/miniboss_1_4",
        "processors": "minecraft:empty",
		"projection": "rigid",
        "element_type": "minecraft:single_pool_element"
      }
    }
  ]
}