{
	"credit": "Made with Blockbench",
	"ambientocclusion": false,
	"textures": {
		"0": "cavesandcliffs:block/dripstone_block",
		"particle": "cavesandcliffs:block/dripstone_block"
	},
	"elements": [
		{
			"from": [6, 0, 6],
			"to": [10, 16, 10],
			"rotation": {"angle": 0, "axis": "y", "origin": [8, 0, 8]},
			"faces": {
				"north": {"uv": [0, 0, 4, 16], "texture": "#0"},
				"east": {"uv": [0, 0, 4, 16], "texture": "#0"},
				"south": {"uv": [0, 0, 4, 16], "texture": "#0"},
				"west": {"uv": [0, 0, 4, 16], "texture": "#0"},
				"up": {"uv": [0, 0, 4, 4], "texture": "#0"},
				"down": {"uv": [0, 0, 4, 4], "texture": "#0"}
			}
		},
		{
			"from": [7, 0, 7],
			"to": [11, 10, 11],
			"rotation": {"angle": 0, "axis": "y", "origin": [16, 8, 15]},
			"faces": {
				"north": {"uv": [0, 0, 4, 10], "texture": "#0"},
				"east": {"uv": [0, 0, 4, 10], "texture": "#0"},
				"south": {"uv": [0, 0, 4, 10], "texture": "#0"},
				"west": {"uv": [0, 0, 4, 10], "texture": "#0"},
				"up": {"uv": [0, 0, 4, 4], "texture": "#0"},
				"down": {"uv": [0, 0, 4, 4], "texture": "#0"}
			}
		},
		{
			"from": [5, 0, 5],
			"to": [7, 14, 7],
			"rotation": {"angle": 0, "axis": "y", "origin": [13, 8, 14]},
			"faces": {
				"north": {"uv": [0, 0, 2, 14], "texture": "#0"},
				"east": {"uv": [0, 0, 2, 14], "texture": "#0"},
				"south": {"uv": [0, 0, 2, 14], "texture": "#0"},
				"west": {"uv": [0, 0, 2, 14], "texture": "#0"},
				"up": {"uv": [0, 0, 2, 2], "texture": "#0"},
				"down": {"uv": [0, 0, 2, 2], "texture": "#0"}
			}
		}
	]
}