{
  "id": 160,
  "offset": {
    "z": 1,
    "rotate": "true"
  },
  "multipart": {
    "left": {
      "models": [
        {
          "offset": {"x": 3},
          "model": "dungeoncrawl:default/multipart/corridor/default",
          "weight": 8
        },
        {
          "offset": {"x": 3},
          "model": "dungeoncrawl:default/multipart/corridor/variant",
          "weight": 8
        },
        {
          "offset": {"x": 3},
          "model": "dungeoncrawl:default/multipart/corridor/variant_2",
          "weight": 8
        },
        {
          "offset": {"x": 3},
          "model": "dungeoncrawl:default/multipart/corridor/bookshelf",
          "weight": 5
        },
        {
          "offset": {"x": 3},
          "model": "dungeoncrawl:default/multipart/corridor/chest",
          "weight": 5
        },
        {
          "offset": {"x": 3},
          "model": "dungeoncrawl:default/multipart/corridor/spawner",
          "weight": 5
        }
      ]
    },
    "right": {
      "models": [
        {
          "offset": {"x": 3, "z": 5},
          "rotation": "clockwise_180",
          "model": "dungeoncrawl:default/multipart/corridor/default",
          "weight": 8
        },
        {
          "offset": {"x": 3, "z": 5},
          "rotation": "clockwise_180",
          "model": "dungeoncrawl:default/multipart/corridor/variant",
          "weight": 8
        },
        {
          "offset": {"x": 3, "z": 5},
          "rotation": "clockwise_180",
          "model": "dungeoncrawl:default/multipart/corridor/variant_2",
          "weight": 8
        },
        {
          "offset": {"x": 3, "z": 5},
          "rotation": "clockwise_180",
          "model": "dungeoncrawl:default/multipart/corridor/bookshelf",
          "weight": 5
        },
        {
          "offset": {"x": 3, "z": 5},
          "rotation": "clockwise_180",
          "model": "dungeoncrawl:default/multipart/corridor/chest",
          "weight": 5
        },
        {
          "offset": {"x": 3, "z": 5},
          "rotation": "clockwise_180",
          "model": "dungeoncrawl:default/multipart/corridor/spawner",
          "weight": 5
        }
      ]
    }
  }
}