{
  "type": "minecraft:chest",
  "pools": [
    {
      "rolls": 0,
      "bonus_rolls": 1,
      "entries": [
        {
          "type": "minecraft:empty",
          "weight": 50
        },
        {
          "type": "minecraft:item",
          "weight": 1,
          "name": "dungeons_gear:death_cap_mushroom"
        }
      ]
    },
    {
      "rolls": 1,
      "entries": [
        {
          "type": "minecraft:loot_table",
          "name": "minecraft:chests/legends/materials/medium"
        }
      ]
    },
    {
      "rolls": 2,
      "entries": [
        {
          "type": "minecraft:loot_table",
          "name": "minecraft:chests/legends/equipment/medium"
        }
      ]
    },
    {
      "rolls": 1,
      "entries": [
        {
          "type": "minecraft:empty",
          "weight": 120
        },
        {
          "type": "minecraft:item",
          "weight": 2,
          "name": "minecraft:player_head",
          "functions": [
            {
              "function": "minecraft:set_nbt",
              "tag": "{SkullOwner:\"MHF_Slime\"}"
            }
          ]
        }
      ]
    },
    {
      "rolls": 1,
      "entries": [
        {
          "type": "minecraft:item",
          "name": "minecraft:red_mushroom",
          "functions": [
            {
              "function": "minecraft:set_count",
              "count": {
                "min": 4,
                "max": 16
              }
            }
          ]
        },
        {
          "type": "minecraft:item",
          "name": "minecraft:slime_ball",
          "functions": [
            {
              "function": "minecraft:set_count",
              "count": {
                "min": 1,
                "max": 32
              }
            }
          ]
        }
      ]
    },
    {
      "rolls": 1,
      "entries": [
        {
          "type": "minecraft:loot_table",
          "name": "minecraft:chests/abandoned_mineshaft"
        }
      ]
    }
  ]
}
