{
  "type": "minecraft:chest",
  "pools": [
    {
      "rolls": 1,
      "entries": [
        {
          "type": "minecraft:loot_table",
          "name": "minecraft:chests/legends/materials/high"
        }
      ]
    },
    {
      "rolls": 1,
      "entries": [
        {
          "type": "minecraft:loot_table",
          "name": "minecraft:chests/legends/equipment/high"
        }
      ]
    },
    {
      "rolls": 1,
      "entries": [
        {
          "type": "minecraft:loot_table",
          "weight": 4,
          "name": "minecraft:chests/legends/experience/medium"
        },
        {
          "type": "minecraft:loot_table",
          "weight": 1,
          "name": "minecraft:chests/legends/experience/high"
        }
      ]
    },
    {
      "rolls": 1,
      "entries": [
        {
          "type": "minecraft:loot_table",
          "name": "minecraft:chests/simple_dungeon"
        }
      ]
    }
  ]
}
