{
  "type": "minecraft:chest",
  "pools": [
    {
      "rolls": 1,
      "entries": [
        {
          "type": "minecraft:loot_table",
          "name": "minecraft:chests/legends/food_medicine/snowy"
        },
        {
          "type": "minecraft:loot_table",
          "name": "minecraft:chests/legends/equipment/arrows"
        },
        {
          "type": "minecraft:loot_table",
          "name": "minecraft:chests/legends/equipment/arrows_bundle"
        }
      ]
    },
    {
      "rolls": 2,
      "entries": [
        {
          "type": "minecraft:loot_table",
          "weight": 8,
          "name": "minecraft:chests/legends/materials/medium"
        },
        {
          "type": "minecraft:loot_table",
          "weight": 1,
          "name": "minecraft:chests/legends/materials/high"
        }
      ]
    },
    {
      "rolls": {
        "min": 1,
        "max": 2
      },
      "entries": [
        {
          "type": "minecraft:loot_table",
          "name": "minecraft:chests/legends/equipment/medium"
        }
      ]
    },
    {
      "rolls": 1,
      "entries": [
        {
          "type": "minecraft:item",
          "name": "minecraft:gunpowder",
          "functions": [
            {
              "function": "minecraft:set_count",
              "count": {
                "min": 1,
                "max": 6
              }
            }
          ]
        },
        {
          "type": "minecraft:item",
          "name": "minecraft:cocoa_beans",
          "functions": [
            {
              "function": "minecraft:set_count",
              "count": {
                "min": 1,
                "max": 4
              }
            }
          ]
        },
        {
          "type": "minecraft:item",
          "name": "minecraft:coal",
          "functions": [
            {
              "function": "minecraft:set_count",
              "count": {
                "min": 1,
                "max": 2
              }
            }
          ]
        },
        {
          "type": "minecraft:item",
          "name": "minecraft:iron_bars",
          "functions": [
            {
              "function": "minecraft:set_count",
              "count": {
                "min": 1,
                "max": 2
              }
            }
          ]
        }
      ]
    },
    {
      "rolls": 1,
      "entries": [
        {
          "type": "minecraft:item",
          "name": "minecraft:firework_rocket",
          "functions": [
            {
              "function": "minecraft:set_count",
              "count": {
                "min": 1,
                "max": 16
              }
            },
            {
              "function": "minecraft:set_nbt",
              "tag": "{Fireworks:{Flight:3b,Explosions:[{Type:0,Flicker:1b,Colors:[I;10685337],FadeColors:[I;16711680]},{Type:2,Colors:[I;8718716],FadeColors:[I;16711680]},{Type:4,Flicker:1b,Colors:[I;4195388],FadeColors:[I;16711680]},{Type:4,Trail:1b,Colors:[I;16711680],FadeColors:[I;16777024]}]}}"
            }
          ]
        },
        {
          "type": "minecraft:tag",
          "name": "minecraft:arrows",
          "expand": true,
          "functions": [
            {
              "function": "minecraft:set_count",
              "count": {
                "min": 1,
                "max": 16
              }
            }
          ]
        },
        {
          "type": "minecraft:empty",
          "weight": 70
        }
      ]
    }
  ]
}
