{
  "pools": [
    {
      "name": "main",
      "rolls": 1,
      "entries": [
        {
          "type": "minecraft:item",
          "weight": 2,
          "name": "artifacts:night_vision_goggles"
        },
        {
          "type": "minecraft:item",
          "weight": 2,
          "name": "artifacts:panic_necklace"
        },
        {
          "type": "minecraft:item",
          "weight": 2,
          "name": "artifacts:obsidian_skull"
        },
        {
          "type": "minecraft:item",
          "weight": 2,
          "name": "artifacts:superstitious_hat"
        },
        {
          "type": "minecraft:item",
          "weight": 2,
          "name": "artifacts:digging_claws"
        },
        {
          "type": "minecraft:item",
          "weight": 2,
          "name": "artifacts:cloud_in_a_bottle"
        },
        {
          "type": "minecraft:item",
          "weight": 2,
          "name": "artifacts:vampiric_glove"
        },
        {
          "type": "minecraft:item",
          "weight": 2,
          "name": "artifacts:aqua_dashers"
        },
        {
          "type": "minecraft:item",
          "weight": 2,
          "name": "artifacts:plastic_drinking_hat"
        },
        {
          "type": "minecraft:item",
          "name": "artifacts:novelty_drinking_hat"
        }
      ],
      "conditions": [
        {
          "condition": "minecraft:random_chance",
          "chance": 0.0
        }
      ]
    }
  ]
}