{
  "pools": [
    {
      "name": "main",
      "rolls": 1,
      "entries": [
        {
          "type": "minecraft:loot_table",
          "weight": 5,
          "name": "artifacts:artifact"
        },
        {
          "type": "minecraft:item",
          "weight": 3,
          "name": "artifacts:bunny_hoppers"
        },
        {
          "type": "minecraft:item",
          "weight": 3,
          "name": "artifacts:flame_pendant"
        },
        {
          "type": "minecraft:item",
          "name": "artifacts:everlasting_beef"
        }
      ],
      "conditions": [
        {
          "condition": "minecraft:random_chance",
          "chance": 0.0
        }
      ]
    }
  ]
}