{
  "pools": [
    {
      "name": "main",
      "rolls": 1,
      "entries": [
        {
          "type": "minecraft:loot_table",
          "weight": 6,
          "name": "artifacts:artifact"
        },
        {
          "type": "minecraft:item",
          "weight": 3,
          "name": "artifacts:golden_hook"
        },
        {
          "type": "minecraft:item",
          "weight": 3,
          "name": "artifacts:cross_necklace"
        },
        {
          "type": "minecraft:item",
          "weight": 2,
          "name": "artifacts:fire_gauntlet"
        },
        {
          "type": "minecraft:item",
          "name": "artifacts:steadfast_spikes"
        },
        {
          "type": "minecraft:item",
          "name": "artifacts:panic_necklace"
        },
        {
          "type": "minecraft:item",
          "name": "artifacts:crystal_heart"
        },
        {
          "type": "minecraft:item",
          "name": "artifacts:antidote_vessel"
        }
      ],
      "conditions": [
        {
          "condition": "minecraft:random_chance",
          "chance": 0.0
        }
      ]
    }
  ]
}