{
  "pools": [
    {
      "name": "main",
      "rolls": 1,
      "entries": [
        {
          "type": "minecraft:item",
          "weight": 5,
          "name": "artifacts:snorkel"
        },
        {
          "type": "minecraft:item",
          "weight": 5,
          "name": "artifacts:flippers"
        },
        {
          "type": "minecraft:item",
          "weight": 5,
          "name": "artifacts:umbrella"
        },
        {
          "type": "minecraft:item",
          "weight": 5,
          "name": "artifacts:golden_hook"
        },
        {
          "type": "minecraft:item",
          "weight": 3,
          "name": "artifacts:feral_claws"
        },
        {
          "type": "minecraft:item",
          "weight": 3,
          "name": "artifacts:digging_claws"
        },
        {
          "type": "minecraft:item",
          "weight": 3,
          "name": "artifacts:kitty_slippers"
        },
        {
          "type": "minecraft:item",
          "weight": 3,
          "name": "artifacts:bunny_hoppers"
        },
        {
          "type": "minecraft:item",
          "weight": 3,
          "name": "artifacts:lucky_scarf"
        },
        {
          "type": "minecraft:item",
          "weight": 3,
          "name": "artifacts:aqua_dashers"
        },
        {
          "type": "minecraft:item",
          "weight": 2,
          "name": "artifacts:plastic_drinking_hat"
        },
        {
          "type": "minecraft:item",
          "name": "artifacts:novelty_drinking_hat"
        }
      ],
      "conditions": [
        {
          "condition": "minecraft:random_chance",
          "chance": 0.0
        }
      ]
    }
  ]
}