{
  "pools": [
    {
      "name": "main",
      "rolls": 1,
      "entries": [
        {
          "type": "minecraft:item",
          "weight": 3,
          "name": "artifacts:cross_necklace"
        },
        {
          "type": "minecraft:item",
          "weight": 3,
          "name": "artifacts:night_vision_goggles"
        },
        {
          "type": "minecraft:item",
          "weight": 3,
          "name": "artifacts:pocket_piston"
        },
        {
          "type": "minecraft:item",
          "weight": 3,
          "name": "artifacts:running_shoes"
        },
        {
          "type": "minecraft:item",
          "weight": 2,
          "name": "artifacts:plastic_drinking_hat"
        },
        {
          "type": "minecraft:item",
          "name": "artifacts:novelty_drinking_hat"
        }
      ],
      "conditions": [
        {
          "condition": "minecraft:random_chance",
          "chance": 0.0
        }
      ]
    }
  ]
}