{
  "pools": [
    {
      "name": "main",
      "rolls": 1,
      "entries": [
        {
          "type": "minecraft:item",
          "name": "artifacts:panic_necklace"
        },
        {
          "type": "minecraft:item",
          "name": "artifacts:pocket_piston"
        },
        {
          "type": "minecraft:item",
          "name": "artifacts:steadfast_spikes"
        },
        {
          "type": "minecraft:item",
          "name": "artifacts:power_glove"
        },
        {
          "type": "minecraft:item",
          "name": "artifacts:cross_necklace"
        },
        {
          "type": "minecraft:item",
          "name": "artifacts:scarf_of_invisibility"
        },
        {
          "type": "minecraft:item",
          "name": "artifacts:crystal_heart"
        },
        {
          "type": "minecraft:item",
          "name": "artifacts:cloud_in_a_bottle"
        },
        {
          "type": "minecraft:item",
          "name": "artifacts:superstitious_hat"
        }
      ],
      "conditions": [
        {
          "condition": "minecraft:random_chance",
          "chance": 0.0
        }
      ]
    }
  ]
}