{
  "pools": [
    {
      "name": "main",
      "rolls": 1,
      "entries": [
        {
          "type": "minecraft:item",
          "name": "artifacts:night_vision_goggles"
        },
        {
          "type": "minecraft:item",
          "name": "artifacts:thorn_pendant"
        },
        {
          "type": "minecraft:item",
          "name": "artifacts:fire_gauntlet"
        },
        {
          "type": "minecraft:item",
          "name": "artifacts:power_glove"
        },
        {
          "type": "minecraft:item",
          "name": "artifacts:universal_attractor"
        },
        {
          "type": "minecraft:item",
          "name": "artifacts:obsidian_skull"
        },
        {
          "type": "minecraft:item",
          "name": "artifacts:lucky_scarf"
        }
      ],
      "conditions": [
        {
          "condition": "minecraft:random_chance",
          "chance": 0.0
        }
      ]
    }
  ]
}