{
  "pools": [
    {
      "name": "main",
      "rolls": 1,
      "entries": [
        {
          "type": "minecraft:item",
          "weight": 3,
          "name": "artifacts:golden_hook"
        },
        {
          "type": "minecraft:item",
          "name": "artifacts:snorkel"
        },
        {
          "type": "minecraft:item",
          "name": "artifacts:flippers"
        },
        {
          "type": "minecraft:item",
          "name": "artifacts:scarf_of_invisibility"
        },
        {
          "type": "minecraft:item",
          "name": "artifacts:steadfast_spikes"
        },
        {
          "type": "minecraft:item",
          "name": "artifacts:universal_attractor"
        },
        {
          "type": "minecraft:item",
          "name": "artifacts:feral_claws"
        },
        {
          "type": "minecraft:item",
          "name": "artifacts:night_vision_goggles"
        },
        {
          "type": "minecraft:item",
          "name": "artifacts:obsidian_skull"
        },
        {
          "type": "minecraft:item",
          "name": "artifacts:running_shoes"
        },
        {
          "type": "minecraft:item",
          "name": "artifacts:charm_of_sinking"
        }
      ],
      "conditions": [
        {
          "condition": "minecraft:random_chance",
          "chance": 0.0
        }
      ]
    }
  ]
}