{
  "pools": [
    {
      "name": "main",
      "rolls": 1,
      "entries": [
        {
          "type": "minecraft:loot_table",
          "weight": 3,
          "name": "artifacts:artifact"
        },
        {
          "type": "minecraft:item",
          "name": "artifacts:power_glove"
        },
        {
          "type": "minecraft:item",
          "name": "artifacts:antidote_vessel"
        },
        {
          "type": "minecraft:item",
          "name": "artifacts:superstitious_hat"
        },
        {
          "type": "minecraft:item",
          "name": "artifacts:lucky_scarf"
        },
        {
          "type": "minecraft:item",
          "name": "artifacts:aqua_dashers"
        },
        {
          "type": "minecraft:item",
          "name": "artifacts:helium_flamingo"
        }
      ],
      "conditions": [
        {
          "condition": "minecraft:random_chance",
          "chance": 0.0
        }
      ]
    }
  ]
}