{
  "pools": [
    {
      "name": "main",
      "rolls": 1,
      "entries": [
        {
          "type": "minecraft:item",
          "weight": 3,
          "name": "artifacts:snorkel"
        },
        {
          "type": "minecraft:item",
          "weight": 3,
          "name": "artifacts:flippers"
        },
        {
          "type": "minecraft:item",
          "name": "artifacts:superstitious_hat"
        },
        {
          "type": "minecraft:item",
          "name": "artifacts:lucky_scarf"
        },
        {
          "type": "minecraft:item",
          "name": "artifacts:fire_gauntlet"
        },
        {
          "type": "minecraft:item",
          "name": "artifacts:cross_necklace"
        },
        {
          "type": "minecraft:item",
          "name": "artifacts:power_glove"
        },
        {
          "type": "minecraft:item",
          "name": "artifacts:cloud_in_a_bottle"
        }
      ],
      "conditions": [
        {
          "condition": "minecraft:random_chance",
          "chance": 0.0
        }
      ]
    }
  ]
}