{
  "multipart": [
	{
      "when": {"north": "true"},
      "apply": [
		{ "model": "block/chorus_plant_stem", "x": 90, "y": 180 },
		{ "model": "block/chorus_plant_stem_2", "x": 90, "y": 180 },
		{ "model": "block/chorus_plant_stem_3", "x": 90, "y": 180 },
		{ "model": "block/chorus_plant_stem_4", "x": 90, "y": 180 }
	  ]
    },
    {
      "when": { "east": "true" },
      "apply": [
		{ "model": "block/chorus_plant_stem", "x": 90, "y": 270 },
		{ "model": "block/chorus_plant_stem_2", "x": 90, "y": 270 },
		{ "model": "block/chorus_plant_stem_3", "x": 90, "y": 270 },
		{ "model": "block/chorus_plant_stem_4", "x": 90, "y": 270 }
	  ]
    },
    {
      "when": { "south": "true" },
      "apply": [
		{ "model": "block/chorus_plant_stem", "x": 90 },
		{ "model": "block/chorus_plant_stem_2", "x": 90 },
		{ "model": "block/chorus_plant_stem_3", "x": 90 },
		{ "model": "block/chorus_plant_stem_4", "x": 90 }
	  ]
    },
    {
      "when": { "west": "true" },
      "apply": [
		{ "model": "block/chorus_plant_stem", "x": 90, "y": 90 },
		{ "model": "block/chorus_plant_stem_2", "x": 90, "y": 90 },
		{ "model": "block/chorus_plant_stem_3", "x": 90, "y": 90 },
		{ "model": "block/chorus_plant_stem_4", "x": 90, "y": 90 }
	  ]
    },
    {
      "when": { "up": "true" },
      "apply": [
		{ "model": "block/chorus_plant_stem", "x": 180 },
		{ "model": "block/chorus_plant_stem_2", "x": 180 },
		{ "model": "block/chorus_plant_stem_3", "x": 180 },
		{ "model": "block/chorus_plant_stem_4", "x": 180 }
	  ]
    },
    {
      "when": { "down": "true" },
      "apply": [
		{ "model": "block/chorus_plant_stem" },
		{ "model": "block/chorus_plant_stem_2" },
		{ "model": "block/chorus_plant_stem_3" },
		{ "model": "block/chorus_plant_stem_4" }
	]
    }
  ]
}