{
  "pools": [
    {
      "name": "main",
      "rolls": 1,
      "entries": [
        {
          "type": "minecraft:item",
          "weight": 0,
          "name": "artifacts:snorkel"
        },
        {
          "type": "minecraft:item",
          "weight": 0,
          "name": "artifacts:night_vision_goggles"
        },
        {
          "type": "minecraft:item",
          "weight": 0,
          "name": "artifacts:panic_necklace"
        },
        {
          "type": "minecraft:item",
          "weight": 0,
          "name": "artifacts:shock_pendant"
        },
        {
          "type": "minecraft:item",
          "weight": 0,
          "name": "artifacts:flame_pendant"
        },
        {
          "type": "minecraft:item",
          "weight": 0,
          "name": "artifacts:thorn_pendant"
        },
        {
          "type": "minecraft:item",
          "weight": 0,
          "name": "artifacts:flippers"
        },
        {
          "type": "minecraft:item",
          "weight": 0,
          "name": "artifacts:obsidian_skull"
        },
        {
          "type": "minecraft:item",
          "weight": 0,
          "name": "artifacts:fire_gauntlet"
        },
        {
          "type": "minecraft:item",
          "weight": 0,
          "name": "artifacts:feral_claws"
        },
        {
          "type": "minecraft:item",
          "weight": 0,
          "name": "artifacts:pocket_piston"
        },
        {
          "type": "minecraft:item",
          "weight": 0,
          "name": "artifacts:power_glove"
        },
        {
          "type": "minecraft:item",
          "weight": 0,
          "name": "artifacts:cross_necklace"
        },
        {
          "type": "minecraft:item",
          "weight": 0,
          "name": "artifacts:antidote_vessel"
        },
        {
          "type": "minecraft:item",
          "weight": 0,
          "name": "artifacts:lucky_scarf"
        },
        {
          "type": "minecraft:item",
          "weight": 0,
          "name": "artifacts:superstitious_hat"
        },
        {
          "type": "minecraft:item",
          "weight": 0,
          "name": "artifacts:scarf_of_invisibility"
        },
        {
          "type": "minecraft:item",
          "weight": 0,
          "name": "artifacts:digging_claws"
        },
        {
          "type": "minecraft:item",
          "weight": 0,
          "name": "artifacts:steadfast_spikes"
        },
        {
          "type": "minecraft:item",
          "weight": 0,
          "name": "artifacts:universal_attractor"
        },
        {
          "type": "minecraft:item",
          "weight": 0,
          "name": "artifacts:kitty_slippers"
        },
        {
          "type": "minecraft:item",
          "weight": 0,
          "name": "artifacts:running_shoes"
        },
        {
          "type": "minecraft:item",
          "weight": 0,
          "name": "artifacts:bunny_hoppers"
        },
        {
          "type": "minecraft:item",
          "weight": 0,
          "name": "artifacts:crystal_heart"
        },
        {
          "type": "minecraft:item",
          "weight": 0,
          "name": "artifacts:villager_hat"
        },
        {
          "type": "minecraft:item",
          "weight": 0,
          "name": "artifacts:cloud_in_a_bottle"
        },
        {
          "type": "minecraft:item",
          "weight": 0,
          "name": "artifacts:vampiric_glove"
        },
        {
          "type": "minecraft:item",
          "weight": 0,
          "name": "artifacts:golden_hook"
        },
        {
          "type": "minecraft:item",
          "weight": 0,
          "name": "artifacts:charm_of_sinking"
        },
        {
          "type": "minecraft:item",
          "weight": 0,
          "name": "artifacts:aqua_dashers"
        },
        {
          "type": "minecraft:item",
          "weight": 0,
          "name": "artifacts:helium_flamingo"
        },
        {
          "type": "minecraft:item",
          "weight": 0,
          "name": "artifacts:umbrella"
        },
        {
          "type": "minecraft:item",
          "weight": 0,
          "name": "artifacts:whoopee_cushion"
        },
        {
          "type": "minecraft:item",
          "weight": 0,
          "name": "artifacts:plastic_drinking_hat"
        },
        {
          "type": "minecraft:item",
          "weight": 0,
          "name": "artifacts:novelty_drinking_hat"
        },
        {
          "type": "minecraft:item",
          "weight": 0,
          "name": "artifacts:everlasting_beef"
        }
      ]
    }
  ]
}