{
  	"type": "minecraft:block",
  	"pools": [
  	  	{
  	  	  	"rolls": 1.0,
  	  	  	"bonus_rolls": 0.0,
  	  	  	"entries": [
  	  	  	  	{
  	  	  	  	  	"type": "minecraft:alternatives",
  	  	  	  	  	"children": [
  	  	  	  	  	  	{
  	  	  	  	  	  	  	"type": "minecraft:alternatives",
  	  	  	  	  	  	  	"conditions": [
  	  	  	  	  	  	  	  	{
  	  	  	  	  	  	  	  	  	"condition": "minecraft:inverted",
  	  	  	  	  	  	  	  	  	"term": {
  	  	  	  	  	  	  	  	  	  	"condition": "minecraft:match_tool",
  	  	  	  	  	  	  	  	  	  	"predicate": {
  	  	  	  	  	  	  	  	  	  	  	"enchantments": [
  	  	  	  	  	  	  	  	  	  	  	  	{
  	  	  	  	  	  	  	  	  	  	  	  	  	"enchantment": "minecraft:silk_touch",
  	  	  	  	  	  	  	  	  	  	  	  	  	"levels": {
  	  	  	  	  	  	  	  	  	  	  	  	  	  	"min": 1
  	  	  	  	  	  	  	  	  	  	  	  	  	}
  	  	  	  	  	  	  	  	  	  	  	  	}
  	  	  	  	  	  	  	  	  	  	  	]
  	  	  	  	  	  	  	  	  	  	}
  	  	  	  	  	  	  	  	  	}
  	  	  	  	  	  	  	  	}
  	  	  	  	  	  	  	],
  	  	  	  	  	  	  	"children": [
  	  	  	  	  	  	  	  	{
  	  	  	  	  	  	  	  	  	"type": "minecraft:item",
  	  	  	  	  	  	  	  	  	"conditions": [
  	  	  	  	  	  	  	  	  	  	{
  	  	  	  	  	  	  	  	  	  	  	"condition": "minecraft:block_state_property",
  	  	  	  	  	  	  	  	  	  	  	"block": "darkerdepths:ash",
  	  	  	  	  	  	  	  	  	  	  	"properties": {
  	  	  	  	  	  	  	  	  	  	  	  	"layers": "1"
  	  	  	  	  	  	  	  	  	  	  	}
  	  	  	  	  	  	  	  	  	  	}
  	  	  	  	  	  	  	  	  	],
  	  	  	  	  	  	  	  	  	"name": "darkerdepths:ash"
  	  	  	  	  	  	  	  	},
  	  	  	  	  	  	  	  	{
  	  	  	  	  	  	  	  	  	"type": "minecraft:item",
  	  	  	  	  	  	  	  	  	"conditions": [
  	  	  	  	  	  	  	  	  	  	{
  	  	  	  	  	  	  	  	  	  	  	"condition": "minecraft:block_state_property",
  	  	  	  	  	  	  	  	  	  	  	"block": "darkerdepths:ash",
  	  	  	  	  	  	  	  	  	  	  	"properties": {
  	  	  	  	  	  	  	  	  	  	  	  	"layers": "2"
  	  	  	  	  	  	  	  	  	  	  	}
  	  	  	  	  	  	  	  	  	  	}
  	  	  	  	  	  	  	  	  	],
  	  	  	  	  	  	  	  	  	"functions": [
  	  	  	  	  	  	  	  	  	  	{
  	  	  	  	  	  	  	  	  	  	  	"function": "minecraft:set_count",
  	  	  	  	  	  	  	  	  	  	  	"count": 2.0,
  	  	  	  	  	  	  	  	  	  	  	"add": false
  	  	  	  	  	  	  	  	  	  	}
  	  	  	  	  	  	  	  	  	],
  	  	  	  	  	  	  	  	  	"name": "darkerdepths:ash"
  	  	  	  	  	  	  	  	},
  	  	  	  	  	  	  	  	{
  	  	  	  	  	  	  	  	  	"type": "minecraft:item",
  	  	  	  	  	  	  	  	  	"conditions": [
  	  	  	  	  	  	  	  	  	  	{
  	  	  	  	  	  	  	  	  	  	  	"condition": "minecraft:block_state_property",
  	  	  	  	  	  	  	  	  	  	  	"block": "darkerdepths:ash",
  	  	  	  	  	  	  	  	  	  	  	"properties": {
  	  	  	  	  	  	  	  	  	  	  	  	"layers": "3"
  	  	  	  	  	  	  	  	  	  	  	}
  	  	  	  	  	  	  	  	  	  	}
  	  	  	  	  	  	  	  	  	],
  	  	  	  	  	  	  	  	  	"functions": [
  	  	  	  	  	  	  	  	  	  	{
  	  	  	  	  	  	  	  	  	  	  	"function": "minecraft:set_count",
  	  	  	  	  	  	  	  	  	  	  	"count": 3.0,
  	  	  	  	  	  	  	  	  	  	  	"add": false
  	  	  	  	  	  	  	  	  	  	}
  	  	  	  	  	  	  	  	  	],
  	  	  	  	  	  	  	  	  	"name": "darkerdepths:ash"
  	  	  	  	  	  	  	  	},
  	  	  	  	  	  	  	  	{
  	  	  	  	  	  	  	  	  	"type": "minecraft:item",
  	  	  	  	  	  	  	  	  	"conditions": [
  	  	  	  	  	  	  	  	  	  	{
  	  	  	  	  	  	  	  	  	  	  	"condition": "minecraft:block_state_property",
  	  	  	  	  	  	  	  	  	  	  	"block": "darkerdepths:ash",
  	  	  	  	  	  	  	  	  	  	  	"properties": {
  	  	  	  	  	  	  	  	  	  	  	  	"layers": "4"
  	  	  	  	  	  	  	  	  	  	  	}
  	  	  	  	  	  	  	  	  	  	}
  	  	  	  	  	  	  	  	  	],
  	  	  	  	  	  	  	  	  	"functions": [
  	  	  	  	  	  	  	  	  	  	{
  	  	  	  	  	  	  	  	  	  	  	"function": "minecraft:set_count",
  	  	  	  	  	  	  	  	  	  	  	"count": 4.0,
  	  	  	  	  	  	  	  	  	  	  	"add": false
  	  	  	  	  	  	  	  	  	  	}
  	  	  	  	  	  	  	  	  	],
  	  	  	  	  	  	  	  	  	"name": "darkerdepths:ash"
  	  	  	  	  	  	  	  	},
  	  	  	  	  	  	  	  	{
  	  	  	  	  	  	  	  	  	"type": "minecraft:item",
  	  	  	  	  	  	  	  	  	"conditions": [
  	  	  	  	  	  	  	  	  	  	{
  	  	  	  	  	  	  	  	  	  	  	"condition": "minecraft:block_state_property",
  	  	  	  	  	  	  	  	  	  	  	"block": "darkerdepths:ash",
  	  	  	  	  	  	  	  	  	  	  	"properties": {
  	  	  	  	  	  	  	  	  	  	  	  	"layers": "5"
  	  	  	  	  	  	  	  	  	  	  	}
  	  	  	  	  	  	  	  	  	  	}
  	  	  	  	  	  	  	  	  	],
  	  	  	  	  	  	  	  	  	"functions": [
  	  	  	  	  	  	  	  	  	  	{
  	  	  	  	  	  	  	  	  	  	  	"function": "minecraft:set_count",
  	  	  	  	  	  	  	  	  	  	  	"count": 5.0,
  	  	  	  	  	  	  	  	  	  	  	"add": false
  	  	  	  	  	  	  	  	  	  	}
  	  	  	  	  	  	  	  	  	],
  	  	  	  	  	  	  	  	  	"name": "darkerdepths:ash"
  	  	  	  	  	  	  	  	},
  	  	  	  	  	  	  	  	{
  	  	  	  	  	  	  	  	  	"type": "minecraft:item",
  	  	  	  	  	  	  	  	  	"conditions": [
  	  	  	  	  	  	  	  	  	  	{
  	  	  	  	  	  	  	  	  	  	  	"condition": "minecraft:block_state_property",
  	  	  	  	  	  	  	  	  	  	  	"block": "darkerdepths:ash",
  	  	  	  	  	  	  	  	  	  	  	"properties": {
  	  	  	  	  	  	  	  	  	  	  	  	"layers": "6"
  	  	  	  	  	  	  	  	  	  	  	}
  	  	  	  	  	  	  	  	  	  	}
  	  	  	  	  	  	  	  	  	],
  	  	  	  	  	  	  	  	  	"functions": [
  	  	  	  	  	  	  	  	  	  	{
  	  	  	  	  	  	  	  	  	  	  	"function": "minecraft:set_count",
  	  	  	  	  	  	  	  	  	  	  	"count": 6.0,
  	  	  	  	  	  	  	  	  	  	  	"add": false
  	  	  	  	  	  	  	  	  	  	}
  	  	  	  	  	  	  	  	  	],
  	  	  	  	  	  	  	  	  	"name": "darkerdepths:ash"
  	  	  	  	  	  	  	  	},
  	  	  	  	  	  	  	  	{
  	  	  	  	  	  	  	  	  	"type": "minecraft:item",
  	  	  	  	  	  	  	  	  	"conditions": [
  	  	  	  	  	  	  	  	  	  	{
  	  	  	  	  	  	  	  	  	  	  	"condition": "minecraft:block_state_property",
  	  	  	  	  	  	  	  	  	  	  	"block": "darkerdepths:ash",
  	  	  	  	  	  	  	  	  	  	  	"properties": {
  	  	  	  	  	  	  	  	  	  	  	  	"layers": "7"
  	  	  	  	  	  	  	  	  	  	  	}
  	  	  	  	  	  	  	  	  	  	}
  	  	  	  	  	  	  	  	  	],
  	  	  	  	  	  	  	  	  	"functions": [
  	  	  	  	  	  	  	  	  	  	{
  	  	  	  	  	  	  	  	  	  	  	"function": "minecraft:set_count",
  	  	  	  	  	  	  	  	  	  	  	"count": 7.0,
  	  	  	  	  	  	  	  	  	  	  	"add": false
  	  	  	  	  	  	  	  	  	  	}
  	  	  	  	  	  	  	  	  	],
  	  	  	  	  	  	  	  	  	"name": "darkerdepths:ash"
  	  	  	  	  	  	  	  	},
  	  	  	  	  	  	  	  	{
  	  	  	  	  	  	  	  	  	"type": "minecraft:item",
  	  	  	  	  	  	  	  	  	"functions": [
  	  	  	  	  	  	  	  	  	  	{
  	  	  	  	  	  	  	  	  	  	  	"function": "minecraft:set_count",
  	  	  	  	  	  	  	  	  	  	  	"count": 8.0,
  	  	  	  	  	  	  	  	  	  	  	"add": false
  	  	  	  	  	  	  	  	  	  	}
  	  	  	  	  	  	  	  	  	],
  	  	  	  	  	  	  	  	  	"name": "darkerdepths:ash"
  	  	  	  	  	  	  	  	}
  	  	  	  	  	  	  	]
  	  	  	  	  	  	},
  	  	  	  	  	  	{
  	  	  	  	  	  	  	"type": "minecraft:alternatives",
  	  	  	  	  	  	  	"children": [
  	  	  	  	  	  	  	  	{
  	  	  	  	  	  	  	  	  	"type": "minecraft:item",
  	  	  	  	  	  	  	  	  	"conditions": [
  	  	  	  	  	  	  	  	  	  	{
  	  	  	  	  	  	  	  	  	  	  	"condition": "minecraft:block_state_property",
  	  	  	  	  	  	  	  	  	  	  	"block": "darkerdepths:ash",
  	  	  	  	  	  	  	  	  	  	  	"properties": {
  	  	  	  	  	  	  	  	  	  	  	  	"layers": "1"
  	  	  	  	  	  	  	  	  	  	  	}
  	  	  	  	  	  	  	  	  	  	}
  	  	  	  	  	  	  	  	  	],
  	  	  	  	  	  	  	  	  	"name": "darkerdepths:ash"
  	  	  	  	  	  	  	  	},
  	  	  	  	  	  	  	  	{
  	  	  	  	  	  	  	  	  	"type": "minecraft:item",
  	  	  	  	  	  	  	  	  	"conditions": [
  	  	  	  	  	  	  	  	  	  	{
  	  	  	  	  	  	  	  	  	  	  	"condition": "minecraft:block_state_property",
  	  	  	  	  	  	  	  	  	  	  	"block": "darkerdepths:ash",
  	  	  	  	  	  	  	  	  	  	  	"properties": {
  	  	  	  	  	  	  	  	  	  	  	  	"layers": "2"
  	  	  	  	  	  	  	  	  	  	  	}
  	  	  	  	  	  	  	  	  	  	}
  	  	  	  	  	  	  	  	  	],
  	  	  	  	  	  	  	  	  	"functions": [
  	  	  	  	  	  	  	  	  	  	{
  	  	  	  	  	  	  	  	  	  	  	"function": "minecraft:set_count",
  	  	  	  	  	  	  	  	  	  	  	"count": 2.0,
  	  	  	  	  	  	  	  	  	  	  	"add": false
  	  	  	  	  	  	  	  	  	  	}
  	  	  	  	  	  	  	  	  	],
  	  	  	  	  	  	  	  	  	"name": "darkerdepths:ash"
  	  	  	  	  	  	  	  	},
  	  	  	  	  	  	  	  	{
  	  	  	  	  	  	  	  	  	"type": "minecraft:item",
  	  	  	  	  	  	  	  	  	"conditions": [
  	  	  	  	  	  	  	  	  	  	{
  	  	  	  	  	  	  	  	  	  	  	"condition": "minecraft:block_state_property",
  	  	  	  	  	  	  	  	  	  	  	"block": "darkerdepths:ash",
  	  	  	  	  	  	  	  	  	  	  	"properties": {
  	  	  	  	  	  	  	  	  	  	  	  	"layers": "3"
  	  	  	  	  	  	  	  	  	  	  	}
  	  	  	  	  	  	  	  	  	  	}
  	  	  	  	  	  	  	  	  	],
  	  	  	  	  	  	  	  	  	"functions": [
  	  	  	  	  	  	  	  	  	  	{
  	  	  	  	  	  	  	  	  	  	  	"function": "minecraft:set_count",
  	  	  	  	  	  	  	  	  	  	  	"count": 3.0,
  	  	  	  	  	  	  	  	  	  	  	"add": false
  	  	  	  	  	  	  	  	  	  	}
  	  	  	  	  	  	  	  	  	],
  	  	  	  	  	  	  	  	  	"name": "darkerdepths:ash"
  	  	  	  	  	  	  	  	},
  	  	  	  	  	  	  	  	{
  	  	  	  	  	  	  	  	  	"type": "minecraft:item",
  	  	  	  	  	  	  	  	  	"conditions": [
  	  	  	  	  	  	  	  	  	  	{
  	  	  	  	  	  	  	  	  	  	  	"condition": "minecraft:block_state_property",
  	  	  	  	  	  	  	  	  	  	  	"block": "darkerdepths:ash",
  	  	  	  	  	  	  	  	  	  	  	"properties": {
  	  	  	  	  	  	  	  	  	  	  	  	"layers": "4"
  	  	  	  	  	  	  	  	  	  	  	}
  	  	  	  	  	  	  	  	  	  	}
  	  	  	  	  	  	  	  	  	],
  	  	  	  	  	  	  	  	  	"functions": [
  	  	  	  	  	  	  	  	  	  	{
  	  	  	  	  	  	  	  	  	  	  	"function": "minecraft:set_count",
  	  	  	  	  	  	  	  	  	  	  	"count": 4.0,
  	  	  	  	  	  	  	  	  	  	  	"add": false
  	  	  	  	  	  	  	  	  	  	}
  	  	  	  	  	  	  	  	  	],
  	  	  	  	  	  	  	  	  	"name": "darkerdepths:ash"
  	  	  	  	  	  	  	  	},
  	  	  	  	  	  	  	  	{
  	  	  	  	  	  	  	  	  	"type": "minecraft:item",
  	  	  	  	  	  	  	  	  	"conditions": [
  	  	  	  	  	  	  	  	  	  	{
  	  	  	  	  	  	  	  	  	  	  	"condition": "minecraft:block_state_property",
  	  	  	  	  	  	  	  	  	  	  	"block": "darkerdepths:ash",
  	  	  	  	  	  	  	  	  	  	  	"properties": {
  	  	  	  	  	  	  	  	  	  	  	  	"layers": "5"
  	  	  	  	  	  	  	  	  	  	  	}
  	  	  	  	  	  	  	  	  	  	}
  	  	  	  	  	  	  	  	  	],
  	  	  	  	  	  	  	  	  	"functions": [
  	  	  	  	  	  	  	  	  	  	{
  	  	  	  	  	  	  	  	  	  	  	"function": "minecraft:set_count",
  	  	  	  	  	  	  	  	  	  	  	"count": 5.0,
  	  	  	  	  	  	  	  	  	  	  	"add": false
  	  	  	  	  	  	  	  	  	  	}
  	  	  	  	  	  	  	  	  	],
  	  	  	  	  	  	  	  	  	"name": "darkerdepths:ash"
  	  	  	  	  	  	  	  	},
  	  	  	  	  	  	  	  	{
  	  	  	  	  	  	  	  	  	"type": "minecraft:item",
  	  	  	  	  	  	  	  	  	"conditions": [
  	  	  	  	  	  	  	  	  	  	{
  	  	  	  	  	  	  	  	  	  	  	"condition": "minecraft:block_state_property",
  	  	  	  	  	  	  	  	  	  	  	"block": "darkerdepths:ash",
  	  	  	  	  	  	  	  	  	  	  	"properties": {
  	  	  	  	  	  	  	  	  	  	  	  	"layers": "6"
  	  	  	  	  	  	  	  	  	  	  	}
  	  	  	  	  	  	  	  	  	  	}
  	  	  	  	  	  	  	  	  	],
  	  	  	  	  	  	  	  	  	"functions": [
  	  	  	  	  	  	  	  	  	  	{
  	  	  	  	  	  	  	  	  	  	  	"function": "minecraft:set_count",
  	  	  	  	  	  	  	  	  	  	  	"count": 6.0,
  	  	  	  	  	  	  	  	  	  	  	"add": false
  	  	  	  	  	  	  	  	  	  	}
  	  	  	  	  	  	  	  	  	],
  	  	  	  	  	  	  	  	  	"name": "darkerdepths:ash"
  	  	  	  	  	  	  	  	},
  	  	  	  	  	  	  	  	{
  	  	  	  	  	  	  	  	  	"type": "minecraft:item",
  	  	  	  	  	  	  	  	  	"conditions": [
  	  	  	  	  	  	  	  	  	  	{
  	  	  	  	  	  	  	  	  	  	  	"condition": "minecraft:block_state_property",
  	  	  	  	  	  	  	  	  	  	  	"block": "darkerdepths:ash",
  	  	  	  	  	  	  	  	  	  	  	"properties": {
  	  	  	  	  	  	  	  	  	  	  	  	"layers": "7"
  	  	  	  	  	  	  	  	  	  	  	}
  	  	  	  	  	  	  	  	  	  	}
  	  	  	  	  	  	  	  	  	],
  	  	  	  	  	  	  	  	  	"functions": [
  	  	  	  	  	  	  	  	  	  	{
  	  	  	  	  	  	  	  	  	  	  	"function": "minecraft:set_count",
  	  	  	  	  	  	  	  	  	  	  	"count": 7.0,
  	  	  	  	  	  	  	  	  	  	  	"add": false
  	  	  	  	  	  	  	  	  	  	}
  	  	  	  	  	  	  	  	  	],
  	  	  	  	  	  	  	  	  	"name": "darkerdepths:ash"
  	  	  	  	  	  	  	  	},
  	  	  	  	  	  	  	  	{
  	  	  	  	  	  	  	  	  	"type": "minecraft:item",
  	  	  	  	  	  	  	  	  	"name": "darkerdepths:ash_block"
  	  	  	  	  	  	  	  	}
  	  	  	  	  	  	  	]
  	  	  	  	  	  	}
  	  	  	  	  	]
  	  	  	  	}
  	  	  	],
  	  	  	"conditions": [
  	  	  	  	{
  	  	  	  	  	"condition": "minecraft:entity_properties",
  	  	  	  	  	"predicate": {},
  	  	  	  	  	"entity": "this"
  	  	  	  	}
  	  	  	]
  	  	}
  	]
}