{
  "type": "minecraft:block",
  "pools": [
    {
      "rolls": 1,
      "entries": [
        {
          "type": "minecraft:alternatives",
          "children": [
            {
              "type": "minecraft:item",
              "conditions": [
                {
                  "condition": "minecraft:match_tool",
                  "predicate": {
                    "enchantments": [
                      {
                        "enchantment": "minecraft:silk_touch",
                        "levels": {
                          "min": 1
                        }
                      }
                    ]
                  }
                }
              ],
              "name": "darkerdepths:limestone_redstone_ore"
            },
            {
              "type": "minecraft:item",
              "functions": [
                {
                  "function": "minecraft:set_count",
                  "count": {
                    "min": 4.0,
                    "max": 5.0,
                    "type": "minecraft:uniform"
                  }
                },
                {
                  "function": "minecraft:apply_bonus",
                  "enchantment": "minecraft:fortune",
                  "formula": "minecraft:uniform_bonus_count",
                  "parameters": {
                    "bonusMultiplier": 1
                  }
                },
                {
                  "function": "minecraft:explosion_decay"
                }
              ],
              "name": "minecraft:redstone"
            }
          ]
        }
      ]
    }
  ]
}