{
	"__comment": "Designed by Paulevs with Cubik Studio - https://cubik.studio",
	"textures": {
		"particle": "block/chorus_plant_roots",
		"texture": "block/chorus_plant_roots"
	},
	"elements": [ 	 
		{
			"__comment": "PlaneX4",
			"from": [ 6, 0, 0 ],
			"to": [ 6.001, 16, 16 ],
			"shade": false,
			"faces": {
				"west": { "uv": [ 0, 0, 16, 16 ], "texture": "#texture" },
				"east": { "uv": [ 0, 0, 16, 16 ], "texture": "#texture" }
			}
		},
		{
			"__comment": "PlaneZ5",
			"from": [ 0, 0, 6 ],
			"to": [ 16, 16, 6.001 ],
			"shade": false,
			"faces": {
				"north": { "uv": [ 0, 0, 16, 16 ], "texture": "#texture" },
				"south": { "uv": [ 0, 0, 16, 16 ], "texture": "#texture" }
			}
		},
		{
			"__comment": "PlaneZ5",
			"from": [ 0, 0, 10 ],
			"to": [ 16, 16, 10.001 ],
			"shade": false,
			"faces": {
				"north": { "uv": [ 16, 0, 0, 16 ], "texture": "#texture" },
				"south": { "uv": [ 16, 0, 0, 16 ], "texture": "#texture" }
			}
		},
		{
			"__comment": "PlaneX4",
			"from": [ 10, 0, 0 ],
			"to": [ 10.001, 16, 16 ],
			"shade": false,
			"faces": {
				"west": { "uv": [ 16, 0, 0, 16 ], "texture": "#texture" },
				"east": { "uv": [ 16, 0, 0, 16 ], "texture": "#texture" }
			}
		}
	]
}