{
	"__comment": "Designed by Paulevs with Cubik Studio - https://cubik.studio",
	"parent": "block/block",
	"textures": {
		"particle": "block/chorus_plant_flower_side",
		"side": "block/chorus_plant_flower_side",
		"top": "block/chorus_plant_flower_top",
		"bottom": "block/chorus_plant_flower_bottom"
	},
	"elements": [ 	 
		{
			"__comment": "Box1",
			"from": [ 0, 2, 2 ],
			"to": [ 16, 14, 14 ],
			"faces": {
				"down": { "uv": [ 0, 2, 16, 14 ], "texture": "#bottom" },
				"up": { "uv": [ 0, 2, 16, 14 ], "texture": "#top" },
				"north": { "uv": [ 0, 2, 16, 14 ], "texture": "#side" },
				"south": { "uv": [ 0, 2, 16, 14 ], "texture": "#side" },
				"west": { "uv": [ 2, 2, 14, 14 ], "texture": "#side" },
				"east": { "uv": [ 2, 2, 14, 14 ], "texture": "#side" }
			}
		},
		{
			"__comment": "Box1",
			"from": [ 2, 2, 0 ],
			"to": [ 14, 14, 16 ],
			"faces": {
				"down": { "uv": [ 2, 0, 14, 16 ], "texture": "#bottom" },
				"up": { "uv": [ 2, 0, 14, 16 ], "texture": "#top" },
				"north": { "uv": [ 2, 2, 14, 14 ], "texture": "#side" },
				"south": { "uv": [ 2, 2, 14, 14 ], "texture": "#side" },
				"west": { "uv": [ 0, 2, 16, 14 ], "texture": "#side" },
				"east": { "uv": [ 0, 2, 16, 14 ], "texture": "#side" }
			}
		},
		{
			"__comment": "Box1",
			"from": [ 2, 0, 2 ],
			"to": [ 14, 16, 14 ],
			"faces": {
				"down": { "uv": [ 2, 2, 14, 14 ], "texture": "#bottom" },
				"up": { "uv": [ 2, 2, 14, 14 ], "texture": "#top" },
				"north": { "uv": [ 2, 0, 14, 16 ], "texture": "#side" },
				"south": { "uv": [ 2, 0, 14, 16 ], "texture": "#side" },
				"west": { "uv": [ 2, 0, 14, 16 ], "texture": "#side" },
				"east": { "uv": [ 2, 0, 14, 16 ], "texture": "#side" }
			}
		}
	]
}