{
	"credit": "Made with Blockbench",
	"parent": "block/block",
	"ambientocclusion": false,
	"textures": {
		"3": "betterfoliage:block/cactus_sprout",
		"1_bottom": "minecraft:block/cactus_bottom",
		"top": "minecraft:block/cactus_top",
		"particle": "minecraft:block/cactus_side",
		"side": "minecraft:block/cactus_side"
	},
	"elements": [
		{
			"from": [5, 0, -5],
			"to": [5, 16, 1],
			"rotation": {"angle": -22.5, "axis": "z", "origin": [5, 8, 0]},
			"faces": {
				"east": {"uv": [0, 0, 6, 16], "texture": "#3"},
				"west": {"uv": [6, 0, 0, 16], "texture": "#3"}
			}
		},
		{
			"from": [5, 0, -5],
			"to": [5, 16, 1],
			"rotation": {"angle": 22.5, "axis": "z", "origin": [5, 8, 0]},
			"faces": {
				"east": {"uv": [0, 0, 6, 16], "texture": "#3"},
				"west": {"uv": [6, 0, 0, 16], "texture": "#3"}
			}
		},
		{
			"from": [9, 1, 15],
			"to": [9, 17, 21],
			"rotation": {"angle": -22.5, "axis": "z", "origin": [9, 9, 20]},
			"faces": {
				"east": {"uv": [6, 0, 0, 16], "texture": "#3"},
				"west": {"uv": [0, 0, 6, 16], "texture": "#3"}
			}
		},
		{
			"from": [9, 1, 15],
			"to": [9, 17, 21],
			"rotation": {"angle": 22.5, "axis": "z", "origin": [9, 9, 20]},
			"faces": {
				"east": {"uv": [6, 0, 0, 16], "texture": "#3"},
				"west": {"uv": [0, 0, 6, 16], "texture": "#3"}
			}
		},
		{
			"from": [0, 0, 0],
			"to": [16, 16, 16],
			"faces": {
				"up": {"uv": [0, 0, 16, 16], "texture": "#top", "cullface": "up"},
				"down": {"uv": [0, 0, 16, 16], "texture": "#1_bottom", "cullface": "down"}
			}
		},
		{
			"from": [0, 0, 1],
			"to": [16, 16, 15],
			"faces": {
				"north": {"uv": [0, 0, 16, 16], "texture": "#side"},
				"south": {"uv": [0, 0, 16, 16], "texture": "#side"}
			}
		},
		{
			"from": [1, 0, 0],
			"to": [15, 16, 16],
			"faces": {
				"east": {"uv": [0, 0, 16, 16], "texture": "#side"},
				"west": {"uv": [0, 0, 16, 16], "texture": "#side"}
			}
		}
	],
	"groups": [
		{
			"name": "group",
			"origin": [5, 8, 0],
			"children": [0, 1]
		},
		{
			"name": "group",
			"origin": [5, 8, 0],
			"children": [2, 3]
		},
		{
			"name": "cactus",
			"origin": [8, 8, 8],
			"children": [4]
		}, 5, 6]
}