{
	"credit": "Made with Blockbench",
	"texture_size": [19, 19],
	"textures": {
		"0": "dungeons_gear:item/boots_of_swiftness",
		"particle": "dungeons_gear:item/boots_of_swiftness"
	},
	"elements": [
		{
			"name": "Boot",
			"from": [6, 0, 6],
			"to": [10, 2, 11],
			"rotation": {"angle": 0, "axis": "y", "origin": [16, 8, 14]},
			"faces": {
				"north": {"uv": [0, 10.10526, 3.36842, 11.78947], "texture": "#0"},
				"east": {"uv": [10.94737, 10.10526, 15.15789, 11.78947], "texture": "#0"},
				"south": {"uv": [7.57895, 10.10526, 10.94737, 11.78947], "texture": "#0"},
				"west": {"uv": [3.36842, 10.10526, 7.57895, 11.78947], "texture": "#0"},
				"up": {"uv": [7.57895, 16, 4.21053, 11.78947], "texture": "#0"},
				"down": {"uv": [10.94737, 11.78947, 7.57895, 16], "texture": "#0"}
			}
		},
		{
			"name": "Boot",
			"from": [6, 2, 7],
			"to": [10, 6, 11],
			"rotation": {"angle": 0, "axis": "y", "origin": [14, 10, 15]},
			"faces": {
				"north": {"uv": [3.36842, 3.36842, 6.73684, 6.73684], "texture": "#0"},
				"east": {"uv": [6.73684, 3.36842, 10.10526, 6.73684], "texture": "#0"},
				"south": {"uv": [10.10526, 3.36842, 13.47368, 6.73684], "texture": "#0"},
				"west": {"uv": [0, 3.36842, 3.36842, 6.73684], "texture": "#0"},
				"up": {"uv": [10.10526, 3.36842, 6.73684, 0], "rotation": 270, "texture": "#0"},
				"down": {"uv": [10.10526, 6.73684, 6.73684, 10.10526], "texture": "#0"}
			}
		},
		{
			"name": "Feather",
			"from": [5.75, 3, 8],
			"to": [5.75, 6, 13],
			"rotation": {"angle": -22.5, "axis": "x", "origin": [8, 6, 9]},
			"faces": {
				"north": {"uv": [0, 0, 3.78947, 1.68421], "texture": "#0"},
				"east": {"uv": [1.68421, 0, 5.89474, 2.52632], "texture": "#0"},
				"south": {"uv": [0, 0, 3.78947, 1.68421], "texture": "#0"},
				"west": {"uv": [10.94737, 0, 15.15789, 2.52632], "texture": "#0"},
				"up": {"uv": [0, 0, 3.36842, 1.68421], "texture": "#0"},
				"down": {"uv": [0, 0, 3.36842, 1.68421], "texture": "#0"}
			}
		},
		{
			"name": "Feather",
			"from": [10.25, 3, 8],
			"to": [10.25, 6, 13],
			"rotation": {"angle": -22.5, "axis": "x", "origin": [8, 6, 9]},
			"faces": {
				"north": {"uv": [3.78947, 0, 0, 1.68421], "texture": "#0"},
				"east": {"uv": [15.15789, 0, 10.94737, 2.52632], "texture": "#0"},
				"south": {"uv": [3.78947, 0, 0, 1.68421], "texture": "#0"},
				"west": {"uv": [5.89474, 0, 1.68421, 2.52632], "texture": "#0"},
				"up": {"uv": [3.36842, 0, 0, 1.68421], "texture": "#0"},
				"down": {"uv": [3.36842, 0, 0, 1.68421], "texture": "#0"}
			}
		}
	],
	"display": {
		"thirdperson_righthand": {
			"rotation": [0, 18, 0],
			"translation": [-1, 3.5, -1]
		},
		"thirdperson_lefthand": {
			"rotation": [0, 18, 0],
			"translation": [-1, 3.5, -1]
		},
		"firstperson_righthand": {
			"rotation": [0, 28, 0],
			"translation": [0.5, 8.25, 0.75]
		},
		"firstperson_lefthand": {
			"rotation": [0, 28, 0],
			"translation": [0.75, 8.25, 0.75]
		},
		"ground": {
			"translation": [0.25, 7.5, -0.5],
			"scale": [1.5, 1.5, 1.5]
		},
		"gui": {
			"rotation": [23, 130, 0],
			"translation": [-1.25, 5.75, 0],
			"scale": [1.6, 1.6, 1.6]
		},
		"head": {
			"rotation": [157, -180, 0],
			"translation": [-0.5, 3.25, -2.25],
			"scale": [1.5, 1.5, 1.5]
		},
		"fixed": {
			"rotation": [0, -90, 0],
			"translation": [2, 10, 0],
			"scale": [2, 2, 2]
		}
	}
}