{
	"credit": "Made with Blockbench",
	"parent": "item/handheld",
	"textures": {
		"layer0": "dungeons_gear:item/dancers_sword"
	},
	"gui_light": "front",
	"display": {
		"thirdperson_righthand": {
			"rotation": [0, 90, 45],
			"translation": [0, -1.5, 1.5],
			"scale": [1, 1, 1]
		},
		"thirdperson_lefthand": {
			"rotation": [0, -90, -45],
			"translation": [0, -1.5, 1.5],
			"scale": [1, 1, 1]
		},
		"firstperson_righthand": {
			"rotation": [0, 90, 45],
			"translation": [0, -3, 0],
			"scale": [1, 1, 1]
		},
		"firstperson_lefthand": {
			"rotation": [0, -90, -45],
			"translation": [0, -3, 0],
			"scale": [1, 1, 1]
		},
		"ground": {
			"translation": [0, 4, 0]
		},
		"gui": {
			"scale": [1, 1, 1]
		},
		"fixed": {
			"translation": [0, 0, -0.5],
			"scale": [1, 1, 1]
		}
	}
}