{
	"credit": "Made with Blockbench",
	"texture_size": [32, 16],
	"textures": {
		"0": "dungeons_gear:item/enchanted_grass",
		"particle": "dungeons_gear:item/enchanted_grass"
	},
	"elements": [
		{
			"name": "grass",
			"from": [4, 0, 7],
			"to": [11, 7, 7],
			"rotation": {"angle": 0, "axis": "y", "origin": [7.5, 0, 7]},
			"faces": {
				"north": {"uv": [0, 0, 7, 14], "texture": "#0"},
				"east": {"uv": [0, 0, 0, 7], "texture": "#0"},
				"south": {"uv": [7, 0, 14, 14], "texture": "#0"},
				"west": {"uv": [0, 0, 0, 7], "texture": "#0"},
				"up": {"uv": [0, 0, 3.5, 0], "texture": "#0"},
				"down": {"uv": [0, 0, 3.5, 0], "texture": "#0"}
			}
		},
		{
			"name": "grass",
			"from": [7.5, 0, 3.5],
			"to": [7.5, 7, 10.5],
			"rotation": {"angle": 0, "axis": "y", "origin": [7.5, 0, 7]},
			"faces": {
				"north": {"uv": [0, 0, 0, 7], "texture": "#0"},
				"east": {"uv": [7, 0, 14, 14], "texture": "#0"},
				"south": {"uv": [0, 0, 0, 7], "texture": "#0"},
				"west": {"uv": [0, 0, 7, 14], "texture": "#0"},
				"up": {"uv": [0, 0, 3.5, 0], "rotation": 90, "texture": "#0"},
				"down": {"uv": [0, 0, 3.5, 0], "rotation": 270, "texture": "#0"}
			}
		}
	],
	"display": {
		"thirdperson_righthand": {
			"rotation": [0, 42.5, 0],
			"translation": [1.5, 8, 1],
			"scale": [1.3, 1.3, 1.3]
		},
		"thirdperson_lefthand": {
			"rotation": [0, 42.5, 0],
			"translation": [0.5, 8, 2],
			"scale": [1.3, 1.3, 1.3]
		},
		"firstperson_righthand": {
			"rotation": [-3, 0, 18],
			"translation": [2, 7.5, 0.5],
			"scale": [1.05, 1.05, 1.05]
		},
		"firstperson_lefthand": {
			"rotation": [-3, 0, 18],
			"translation": [2, 7.5, 0.5],
			"scale": [1.05, 1.05, 1.05]
		},
		"ground": {
			"translation": [0.25, 6, 1.5],
			"scale": [1.4, 1.4, 1.4]
		},
		"gui": {
			"rotation": [11, 139, 21],
			"translation": [2.75, 8.5, 0],
			"scale": [1.97, 1.97, 1.97]
		},
		"head": {
			"rotation": [0, 47, 0],
			"translation": [2, 18.75, 0],
			"scale": [1.9, 1.9, 1.9]
		},
		"fixed": {
			"translation": [1, 10.25, 0],
			"scale": [2.25, 2.25, 2.25]
		}
	}
}