{
	"credit": "Made with Blockbench",
	"parent": "item/generated",
	"textures": {
		"layer0": "dungeons_gear:item/firebolt_thrower"
	},
	"overrides": [
		{
			"predicate": {
				"pulling": 1
			},
			"model": "dungeons_gear:item/firebolt_thrower_pulling_0"
		},
		{
			"predicate": {
				"pulling": 1,
				"pull": 0.58
			},
			"model": "dungeons_gear:item/firebolt_thrower_pulling_1"
		},
		{
			"predicate": {
				"pulling": 1,
				"pull": 1
			},
			"model": "dungeons_gear:item/firebolt_thrower_pulling_2"
		},
		{
			"predicate": {
				"charged": 1
			},
			"model": "dungeons_gear:item/firebolt_thrower_arrow"
		},
		{
			"predicate": {
				"charged": 1,
				"firework": 1
			},
			"model": "dungeons_gear:item/firebolt_thrower_firework"
		}
	],
	"display": {
		"thirdperson_righthand": {
			"rotation": [-90, 0, -60],
			"translation": [2, 0.1, -3],
			"scale": [1, 1, 1]
		},
		"thirdperson_lefthand": {
			"rotation": [-90, 0, 30],
			"translation": [2, 0.1, -3],
			"scale": [1, 1, 1]
		},
		"firstperson_righthand": {
			"rotation": [-90, 0, -55],
			"translation": [1.13, 3.2, 1.13],
			"scale": [1, 1, 1]
		},
		"firstperson_lefthand": {
			"rotation": [-90, 0, 35],
			"translation": [1.13, 3.2, 1.13],
			"scale": [1, 1, 1]
		},
		"gui": {
			"scale": [1, 1, 1]
		},
		"fixed": {
			"scale": [1, 1, 1]
		}
	}
}