{
	"credit": "Made with Blockbench",
	"parent": "item/handheld",
	"textures": {
		"layer0": "dungeons_gear:item/flail"
	},
	"gui_light": "front",
	"display": {
		"thirdperson_righthand": {
			"rotation": [0, -90, 45],
			"translation": [-0.5, 4.5, -0.5],
			"scale": [1, 1, 1]
		},
		"thirdperson_lefthand": {
			"rotation": [0, 90, -45],
			"translation": [0.5, 4.5, -0.5],
			"scale": [1, 1, 1]
		},
		"firstperson_righthand": {
			"rotation": [0, -90, 45],
			"translation": [0, 2, 0],
			"scale": [1, 1, 1]
		},
		"firstperson_lefthand": {
			"rotation": [0, 90, -45],
			"translation": [0, 2, 0],
			"scale": [1, 1, 1]
		},
		"gui": {
			"scale": [1, 1, 1]
		},
		"fixed": {
			"scale": [1, 1, 1]
		}
	}
}