{
	"credit": "Made with Blockbench",
	"texture_size": [48, 48],
	"textures": {
		"0": "dungeons_gear:item/ghost_cloak",
		"particle": "dungeons_gear:item/ghost_cloak"
	},
	"elements": [
		{
			"name": "cloak",
			"from": [5, 0, 6.5],
			"to": [11, 10, 6.5],
			"rotation": {"angle": 22.5, "axis": "x", "origin": [8, 0, 8]},
			"faces": {
				"north": {"uv": [1, 6.33333, 5, 13], "texture": "#0"},
				"east": {"uv": [0, 6.33333, 1, 13], "texture": "#0"},
				"south": {"uv": [7, 6.33333, 11, 13], "texture": "#0"},
				"west": {"uv": [5, 6.33333, 6, 13], "texture": "#0"},
				"up": {"uv": [1, 5.33333, 5, 6.33333], "texture": "#0"},
				"down": {"uv": [5, 5.33333, 9, 6.33333], "texture": "#0"}
			}
		},
		{
			"name": "cloak",
			"from": [5, 0, 6.5],
			"to": [5, 10, 8],
			"rotation": {"angle": 22.5, "axis": "x", "origin": [8, 0, 8]},
			"faces": {
				"north": {"uv": [1, 6.33333, 5, 13], "texture": "#0"},
				"east": {"uv": [11, 6.33333, 12, 13], "texture": "#0"},
				"south": {"uv": [7, 6.33333, 11, 13], "texture": "#0"},
				"west": {"uv": [5, 6.33333, 6, 13], "texture": "#0"},
				"up": {"uv": [1, 5.33333, 5, 6.33333], "texture": "#0"},
				"down": {"uv": [5, 5.33333, 9, 6.33333], "texture": "#0"}
			}
		},
		{
			"name": "cloak",
			"from": [11, 0, 6.5],
			"to": [11, 10, 8],
			"rotation": {"angle": 22.5, "axis": "x", "origin": [8, 0, 8]},
			"faces": {
				"north": {"uv": [1, 6.33333, 5, 13], "texture": "#0"},
				"east": {"uv": [0, 6.33333, 1, 13], "texture": "#0"},
				"south": {"uv": [7, 6.33333, 11, 13], "texture": "#0"},
				"west": {"uv": [6, 6.33333, 7, 13], "texture": "#0"},
				"up": {"uv": [1, 5.33333, 5, 6.33333], "texture": "#0"},
				"down": {"uv": [5, 5.33333, 9, 6.33333], "texture": "#0"}
			}
		},
		{
			"name": "cloak",
			"from": [5, 10, 6.5],
			"to": [11, 10, 8],
			"rotation": {"angle": 22.5, "axis": "x", "origin": [8, 0, 8]},
			"faces": {
				"north": {"uv": [1, 6.33333, 5, 13], "texture": "#0"},
				"east": {"uv": [0, 6.33333, 1, 13], "texture": "#0"},
				"south": {"uv": [7, 6.33333, 11, 13], "texture": "#0"},
				"west": {"uv": [5, 6.33333, 6, 13], "texture": "#0"},
				"up": {"uv": [1, 5.33333, 5, 6.33333], "rotation": 180, "texture": "#0"},
				"down": {"uv": [5, 5.33333, 9, 6.33333], "texture": "#0"}
			}
		},
		{
			"name": "hood",
			"from": [6, 9.35, 10.9],
			"to": [10, 13.35, 10.9],
			"faces": {
				"north": {"uv": [8, 2.66667, 10.66667, 5.33333], "texture": "#0"},
				"east": {"uv": [5.33333, 2.66667, 8, 5.33333], "texture": "#0"},
				"south": {"uv": [8, 0, 10.66667, 2.66667], "texture": "#0"},
				"west": {"uv": [0, 2.66667, 2.66667, 5.33333], "texture": "#0"},
				"up": {"uv": [2.66667, 0, 5.33333, 2.66667], "texture": "#0"},
				"down": {"uv": [5.33333, 0, 8, 2.66667], "texture": "#0"}
			}
		},
		{
			"name": "hood",
			"from": [6, 9.35, 10.9],
			"to": [6, 13.35, 14.9],
			"faces": {
				"north": {"uv": [8, 2.66667, 10.66667, 5.33333], "texture": "#0"},
				"east": {"uv": [8, 0, 10.66667, 2.66667], "texture": "#0"},
				"south": {"uv": [2.66667, 2.66667, 5.33333, 5.33333], "texture": "#0"},
				"west": {"uv": [0, 2.66667, 2.66667, 5.33333], "texture": "#0"},
				"up": {"uv": [2.66667, 0, 5.33333, 2.66667], "texture": "#0"},
				"down": {"uv": [5.33333, 0, 8, 2.66667], "texture": "#0"}
			}
		},
		{
			"name": "hood",
			"from": [10, 9.35, 10.9],
			"to": [10, 13.35, 14.9],
			"faces": {
				"north": {"uv": [8, 2.66667, 10.66667, 5.33333], "texture": "#0"},
				"east": {"uv": [5.33333, 2.66667, 8, 5.33333], "texture": "#0"},
				"south": {"uv": [2.66667, 2.66667, 5.33333, 5.33333], "texture": "#0"},
				"west": {"uv": [8, 0, 10.66667, 2.66667], "texture": "#0"},
				"up": {"uv": [2.66667, 0, 5.33333, 2.66667], "texture": "#0"},
				"down": {"uv": [5.33333, 0, 8, 2.66667], "texture": "#0"}
			}
		},
		{
			"name": "hood",
			"from": [6, 9.35, 14.9],
			"to": [10, 13.35, 14.9],
			"faces": {
				"north": {"uv": [0, 0, 2.66667, 2.66667], "texture": "#0"},
				"east": {"uv": [5.33333, 2.66667, 8, 5.33333], "texture": "#0"},
				"south": {"uv": [2.66667, 2.66667, 5.33333, 5.33333], "texture": "#0"},
				"west": {"uv": [0, 2.66667, 2.66667, 5.33333], "texture": "#0"},
				"up": {"uv": [2.66667, 0, 5.33333, 2.66667], "texture": "#0"},
				"down": {"uv": [5.33333, 0, 8, 2.66667], "texture": "#0"}
			}
		},
		{
			"name": "hood",
			"from": [6, 13.35, 10.9],
			"to": [10, 13.35, 14.9],
			"faces": {
				"north": {"uv": [8, 2.66667, 10.66667, 5.33333], "texture": "#0"},
				"east": {"uv": [5.33333, 2.66667, 8, 5.33333], "texture": "#0"},
				"south": {"uv": [2.66667, 2.66667, 5.33333, 5.33333], "texture": "#0"},
				"west": {"uv": [0, 2.66667, 2.66667, 5.33333], "texture": "#0"},
				"up": {"uv": [2.66667, 0, 5.33333, 2.66667], "texture": "#0"},
				"down": {"uv": [5.33333, 0, 8, 2.66667], "texture": "#0"}
			}
		},
		{
			"name": "pointy",
			"from": [6.05, 10.85, 9.25],
			"to": [9.95, 13.35, 10.9],
			"rotation": {"angle": -22.5, "axis": "x", "origin": [8, 13.35, 10.9]},
			"faces": {
				"north": {"uv": [1, 14, 3.33333, 15.66667], "texture": "#0"},
				"east": {"uv": [0, 14, 1, 15.66667], "texture": "#0"},
				"south": {"uv": [12.66667, 1.66667, 15.33333, 4.33333], "texture": "#0"},
				"west": {"uv": [3.66667, 14, 4.66667, 15.66667], "texture": "#0"},
				"up": {"uv": [1, 13, 3.66667, 14], "texture": "#0"},
				"down": {"uv": [3, 4.66667, 4.33333, 5.66667], "texture": "#0"}
			}
		}
	],
	"display": {
		"thirdperson_righthand": {
			"rotation": [24, -30, 0],
			"translation": [2.5, -0.25, -3.5],
			"scale": [1.3, 1.3, 1.3]
		},
		"thirdperson_lefthand": {
			"rotation": [24, -30, 0],
			"translation": [2.5, -0.25, -3.5],
			"scale": [1.3, 1.3, 1.3]
		},
		"firstperson_righthand": {
			"rotation": [0, -180, 0],
			"translation": [6, 1.5, 0.75]
		},
		"firstperson_lefthand": {
			"rotation": [0, -180, 0],
			"translation": [6, 1.5, 0.75]
		},
		"ground": {
			"rotation": [66.5, 0, 0],
			"translation": [0, 1, 0],
			"scale": [1.2, 1.2, 1.2]
		},
		"gui": {
			"rotation": [13, 143, 4],
			"translation": [-1.75, 0.75, 0],
			"scale": [1.03, 1.03, 1.03]
		},
		"head": {
			"rotation": [0, -180, 0],
			"translation": [0, -12, 17.5],
			"scale": [3.56, 3.56, 3.56]
		},
		"fixed": {
			"rotation": [-24, 0, 0],
			"translation": [0, 0.5, -3],
			"scale": [1.34, 1.34, 1.34]
		}
	}
}