{
	"credit": "Made with Blockbench",
	"texture_size": [48, 48],
	"textures": {
		"0": "dungeons_gear:item/golem_kit",
		"particle": "dungeons_gear:item/golem_kit"
	},
	"elements": [
		{
			"name": "pumpkin",
			"from": [6, 6.3, 6],
			"to": [9, 9.3, 9],
			"rotation": {"angle": 0, "axis": "y", "origin": [14, 14.3, 14]},
			"faces": {
				"north": {"uv": [0, 0, 5.33333, 5.33333], "texture": "#0"},
				"east": {"uv": [0, 5.33333, 5.33333, 10.66667], "texture": "#0"},
				"south": {"uv": [0, 5.33333, 5.33333, 10.66667], "texture": "#0"},
				"west": {"uv": [0, 5.33333, 5.33333, 10.66667], "texture": "#0"},
				"up": {"uv": [5.33333, 5.33333, 10.66667, 10.66667], "texture": "#0"},
				"down": {"uv": [5.33333, 5.33333, 10.66667, 10.66667], "texture": "#0"}
			}
		},
		{
			"name": "iron",
			"from": [3, 3, 6],
			"to": [12, 6, 9],
			"rotation": {"angle": 0, "axis": "y", "origin": [11, 11, 14]},
			"faces": {
				"north": {"uv": [0, 10.66667, 16, 16], "texture": "#0"},
				"east": {"uv": [0, 10.66667, 5.33333, 16], "texture": "#0"},
				"south": {"uv": [0, 10.66667, 16, 16], "texture": "#0"},
				"west": {"uv": [0, 10.66667, 5.33333, 16], "texture": "#0"},
				"up": {"uv": [0, 10.66667, 16, 16], "texture": "#0"},
				"down": {"uv": [0, 10.66667, 16, 16], "texture": "#0"}
			}
		},
		{
			"name": "iron",
			"from": [6, 0, 6],
			"to": [9, 3, 9],
			"rotation": {"angle": 0, "axis": "y", "origin": [14, 8, 14]},
			"faces": {
				"north": {"uv": [5.33333, 0, 10.66667, 5.33333], "texture": "#0"},
				"east": {"uv": [5.33333, 0, 10.66667, 5.33333], "texture": "#0"},
				"south": {"uv": [5.33333, 0, 10.66667, 5.33333], "texture": "#0"},
				"west": {"uv": [5.33333, 0, 10.66667, 5.33333], "texture": "#0"},
				"up": {"uv": [10.66667, 0, 16, 5.33333], "texture": "#0"},
				"down": {"uv": [5.33333, 0, 10.66667, 5.33333], "texture": "#0"}
			}
		}
	],
	"display": {
		"thirdperson_righthand": {
			"rotation": [0, 132, 0],
			"translation": [-1.25, 5.5, 0],
			"scale": [1.25, 1.25, 1.25]
		},
		"thirdperson_lefthand": {
			"rotation": [0, 132, 0],
			"translation": [-0.5, 5.5, 1],
			"scale": [1.25, 1.25, 1.25]
		},
		"firstperson_righthand": {
			"rotation": [27, 128, -18],
			"translation": [0, 5.5, 0]
		},
		"firstperson_lefthand": {
			"rotation": [27, 128, -18],
			"translation": [0.25, 5.75, 1]
		},
		"ground": {
			"rotation": [90, 0, 0],
			"translation": [0.5, -2.5, 5],
			"scale": [1.5, 1.5, 1.5]
		},
		"gui": {
			"rotation": [-2, 154, 43.5],
			"translation": [3.25, 4.5, 0],
			"scale": [1.67, 1.67, 1.67]
		},
		"head": {
			"rotation": [34, 0, 0],
			"translation": [0.5, 11.5, -1.75],
			"scale": [1.3, 1.3, 1.3]
		},
		"fixed": {
			"translation": [1, 6.25, 0],
			"scale": [1.85, 1.85, 1.85]
		}
	}
}