{
	"credit": "Made with Blockbench",
	"texture_size": [48, 16],
	"textures": {
		"0": "dungeons_gear:item/gong_of_weakening",
		"particle": "dungeons_gear:item/gong_of_weakening"
	},
	"elements": [
		{
			"name": "gong",
			"from": [6.5, 7.5, 7.75],
			"to": [9.5, 8, 8.25],
			"rotation": {"angle": 0, "axis": "y", "origin": [-0.5, 0, 0.75]},
			"faces": {
				"north": {"uv": [1.66667, 0, 3.66667, 1], "texture": "#0"},
				"east": {"uv": [7.66667, 0, 8, 1], "texture": "#0"},
				"south": {"uv": [7, 0, 9, 1], "texture": "#0"},
				"west": {"uv": [8, 0, 8.33333, 1], "texture": "#0"},
				"up": {"uv": [7.66667, 0, 8.66667, 1], "texture": "#0"},
				"down": {"uv": [0, 0, 1, 0.5], "texture": "#0"}
			}
		},
		{
			"name": "gong",
			"from": [5.5, 7, 7.75],
			"to": [10.5, 7.5, 8.25],
			"rotation": {"angle": 0, "axis": "y", "origin": [-0.5, 0, 0.75]},
			"faces": {
				"north": {"uv": [1, 1, 4.33333, 2], "texture": "#0"},
				"east": {"uv": [7.66667, 0, 8, 1], "texture": "#0"},
				"south": {"uv": [6.33333, 1, 9.66667, 2], "texture": "#0"},
				"west": {"uv": [7.33333, 0, 7.66667, 1], "texture": "#0"},
				"up": {"uv": [7.33333, 0, 8, 1], "texture": "#0"},
				"down": {"uv": [7.33333, 0, 7.66667, 1], "texture": "#0"}
			}
		},
		{
			"name": "gong",
			"from": [5, 6.5, 7.75],
			"to": [11, 7, 8.25],
			"rotation": {"angle": 0, "axis": "y", "origin": [-0.5, 0, 0.75]},
			"faces": {
				"north": {"uv": [0.66667, 2, 4.66667, 3], "texture": "#0"},
				"east": {"uv": [7.66667, 0, 8, 1], "texture": "#0"},
				"south": {"uv": [6, 2, 10, 3], "texture": "#0"},
				"west": {"uv": [7.33333, 0, 7.66667, 1], "texture": "#0"},
				"up": {"uv": [7.33333, 0, 8, 1], "texture": "#0"},
				"down": {"uv": [7.33333, 0, 7.66667, 1], "texture": "#0"}
			}
		},
		{
			"name": "gong",
			"from": [4.5, 5.5, 7.75],
			"to": [11.5, 6.5, 8.25],
			"rotation": {"angle": 0, "axis": "y", "origin": [-0.5, 0, 0.75]},
			"faces": {
				"north": {"uv": [0.33333, 3, 5, 5], "texture": "#0"},
				"east": {"uv": [7.66667, 0, 8, 1], "texture": "#0"},
				"south": {"uv": [5.66667, 3, 10.33333, 5], "texture": "#0"},
				"west": {"uv": [7.33333, 0, 7.66667, 1], "texture": "#0"},
				"up": {"uv": [7.33333, 0, 8, 1], "texture": "#0"},
				"down": {"uv": [7.33333, 0, 7.66667, 1], "texture": "#0"}
			}
		},
		{
			"name": "gong",
			"from": [4, 2.5, 7.75],
			"to": [12, 5.5, 8.25],
			"rotation": {"angle": 0, "axis": "y", "origin": [-0.5, 0, 0.75]},
			"faces": {
				"north": {"uv": [0, 5, 5.33333, 11], "texture": "#0"},
				"east": {"uv": [7.33333, 0, 8.33333, 1], "rotation": 270, "texture": "#0"},
				"south": {"uv": [5.33333, 5, 10.66667, 11], "texture": "#0"},
				"west": {"uv": [7.33333, 0, 7.66667, 1], "texture": "#0"},
				"up": {"uv": [7.33333, 0, 8, 1], "texture": "#0"},
				"down": {"uv": [7.33333, 0, 7.66667, 1], "texture": "#0"}
			}
		},
		{
			"name": "gong",
			"from": [4.5, 1.5, 7.75],
			"to": [11.5, 2.5, 8.25],
			"rotation": {"angle": 0, "axis": "y", "origin": [-0.5, 0, 0.75]},
			"faces": {
				"north": {"uv": [0.33333, 11, 5, 13], "texture": "#0"},
				"east": {"uv": [7.33333, 0, 7.66667, 1], "rotation": 270, "texture": "#0"},
				"south": {"uv": [5.66667, 11, 10.33333, 13], "texture": "#0"},
				"west": {"uv": [7.33333, 0, 7.66667, 1], "rotation": 270, "texture": "#0"},
				"up": {"uv": [7.33333, 0, 8, 1], "texture": "#0"},
				"down": {"uv": [7.33333, 0, 7.66667, 1], "texture": "#0"}
			}
		},
		{
			"name": "gong",
			"from": [5, 1, 7.75],
			"to": [11, 1.5, 8.25],
			"rotation": {"angle": 0, "axis": "y", "origin": [-0.5, 0, 0.75]},
			"faces": {
				"north": {"uv": [0.66667, 13, 4.66667, 14], "texture": "#0"},
				"east": {"uv": [7.33333, 0, 7.66667, 1], "rotation": 270, "texture": "#0"},
				"south": {"uv": [6, 13, 10, 14], "texture": "#0"},
				"west": {"uv": [7.33333, 0, 7.66667, 1], "texture": "#0"},
				"up": {"uv": [7.33333, 0, 8, 1], "texture": "#0"},
				"down": {"uv": [7.33333, 0, 7.66667, 1], "texture": "#0"}
			}
		},
		{
			"name": "gong",
			"from": [5.5, 0.5, 7.75],
			"to": [10.5, 1, 8.25],
			"rotation": {"angle": 0, "axis": "y", "origin": [-0.5, 0, 0.75]},
			"faces": {
				"north": {"uv": [1, 14, 4.33333, 15], "texture": "#0"},
				"east": {"uv": [7.33333, 0, 7.66667, 1], "rotation": 270, "texture": "#0"},
				"south": {"uv": [6.33333, 14, 9.66667, 15], "texture": "#0"},
				"west": {"uv": [7.33333, 0, 7.66667, 1], "texture": "#0"},
				"up": {"uv": [7.33333, 0, 8, 1], "texture": "#0"},
				"down": {"uv": [7.33333, 0, 7.66667, 1], "texture": "#0"}
			}
		},
		{
			"name": "gong",
			"from": [6.5, 0, 7.75],
			"to": [9.5, 0.5, 8.25],
			"rotation": {"angle": 0, "axis": "y", "origin": [-0.5, 0, 0.75]},
			"faces": {
				"north": {"uv": [1.66667, 15, 3.66667, 16], "texture": "#0"},
				"east": {"uv": [7.33333, 0, 7.66667, 1], "rotation": 270, "texture": "#0"},
				"south": {"uv": [7, 15, 9, 16], "texture": "#0"},
				"west": {"uv": [7.33333, 0, 7.66667, 1], "texture": "#0"},
				"up": {"uv": [7.33333, 0, 8, 1], "texture": "#0"},
				"down": {"uv": [7.33333, 0, 7.66667, 1], "texture": "#0"}
			}
		},
		{
			"name": "drumstick",
			"from": [3.5, 5, 7.25],
			"to": [5, 6.5, 7.75],
			"rotation": {"angle": -22.5, "axis": "z", "origin": [3, 0.5, 7.75]},
			"faces": {
				"north": {"uv": [10.66667, 0, 11.66667, 3], "texture": "#0"},
				"east": {"uv": [10.66667, 0, 11, 3], "texture": "#0"},
				"south": {"uv": [10.66667, 0, 11.66667, 3], "texture": "#0"},
				"west": {"uv": [11.33333, 0, 11.66667, 3], "texture": "#0"},
				"up": {"uv": [10.66667, 0, 11, 3], "rotation": 270, "texture": "#0"},
				"down": {"uv": [11.33333, 0, 11.66667, 3], "rotation": 270, "texture": "#0"}
			}
		},
		{
			"name": "drumstick",
			"from": [4, 0.5, 7.25],
			"to": [4.5, 5, 7.75],
			"rotation": {"angle": -22.5, "axis": "z", "origin": [3, 0.5, 7.75]},
			"faces": {
				"north": {"uv": [11, 3, 11.33333, 12], "texture": "#0"},
				"east": {"uv": [11.33333, 3, 11.66667, 12], "texture": "#0"},
				"south": {"uv": [11, 3, 11.33333, 12], "texture": "#0"},
				"west": {"uv": [11.33333, 3, 11.66667, 12], "texture": "#0"},
				"up": {"uv": [11, 3, 11.33333, 4], "rotation": 270, "texture": "#0"},
				"down": {"uv": [11, 11, 11.33333, 12], "rotation": 270, "texture": "#0"}
			}
		},
		{
			"name": "strap",
			"from": [5, 6, 8.25],
			"to": [5.5, 9, 8.75],
			"rotation": {"angle": 0, "axis": "y", "origin": [5.5, 6, 8.75]},
			"faces": {
				"north": {"uv": [10.66667, 5, 11, 11], "texture": "#0"},
				"east": {"uv": [10.66667, 5, 11, 11], "texture": "#0"},
				"south": {"uv": [10.66667, 5, 11, 11], "texture": "#0"},
				"west": {"uv": [10.66667, 5, 11, 11], "texture": "#0"},
				"up": {"uv": [10.66667, 5, 11, 6], "rotation": 270, "texture": "#0"},
				"down": {"uv": [10.66667, 10, 11, 11], "rotation": 270, "texture": "#0"}
			}
		},
		{
			"name": "strap",
			"from": [10.5, 6, 8.25],
			"to": [11, 9, 8.75],
			"rotation": {"angle": 22.5, "axis": "z", "origin": [10.5, 6, 8.75]},
			"faces": {
				"north": {"uv": [10.66667, 5, 11, 11], "texture": "#0"},
				"east": {"uv": [10.66667, 5, 11, 11], "texture": "#0"},
				"south": {"uv": [10.66667, 5, 11, 11], "texture": "#0"},
				"west": {"uv": [10.66667, 5, 11, 11], "texture": "#0"},
				"up": {"uv": [10.66667, 5, 11, 6], "rotation": 270, "texture": "#0"},
				"down": {"uv": [10.66667, 10, 11, 11], "rotation": 270, "texture": "#0"}
			}
		}
	],
	"display": {
		"thirdperson_righthand": {
			"rotation": [40, 0, -17],
			"translation": [0.5, 1.25, 1.25],
			"scale": [1.25, 1.25, 1.25]
		},
		"thirdperson_lefthand": {
			"rotation": [40, 0, -17],
			"translation": [0.5, 1.25, 1.25],
			"scale": [1.25, 1.25, 1.25]
		},
		"firstperson_righthand": {
			"rotation": [0, 95, 0],
			"translation": [4.75, 7, -1],
			"scale": [1.2, 1.2, 1.2]
		},
		"firstperson_lefthand": {
			"rotation": [0, 95, 0],
			"translation": [4.75, 7, -1],
			"scale": [1.2, 1.2, 1.2]
		},
		"ground": {
			"rotation": [90, 0, 0],
			"translation": [0, -3.5, 5.5],
			"scale": [1.4, 1.4, 1.4]
		},
		"gui": {
			"rotation": [-10, 156.5, 27],
			"translation": [2.25, 5.5, 0],
			"scale": [1.5, 1.5, 1.5]
		},
		"head": {
			"translation": [0, 5.75, -7],
			"scale": [1.85, 1.85, 1.85]
		},
		"fixed": {
			"translation": [0, 8.25, -0.5],
			"scale": [2.1, 2.1, 2.1]
		}
	}
}