{
	"credit": "Made with Blockbench",
	"parent": "item/handheld",
	"textures": {
		"layer0": "dungeons_gear:item/grave_bane"
	},
	"gui_light": "front",
	"display": {
		"thirdperson_righthand": {
			"rotation": [0, 90, 45],
			"translation": [0, 6.25, 2.5],
			"scale": [1.5, 1.5, 1]
		},
		"thirdperson_lefthand": {
			"rotation": [0, -90, -45],
			"translation": [0, 6.25, 2.5],
			"scale": [1.5, 1.5, 1]
		},
		"firstperson_righthand": {
			"rotation": [20, 90, 0],
			"translation": [0, 2.5, 0.75],
			"scale": [1.2, 1.2, 1]				
		},
		"firstperson_lefthand": {
			"rotation": [20, -90, 0],
			"translation": [0, 2.5, 0.75],
			"scale": [1.2, 1.2, 1]			
		}
	}
}