{
	"credit": "Made with Blockbench",
	"texture_size": [32, 32],
	"textures": {
		"0": "dungeons_gear:item/harpoon_quiver",
		"particle": "dungeons_gear:item/harpoon_quiver"
	},
	"elements": [
		{
			"name": "quiver",
			"from": [7, 2, 7],
			"to": [9.5, 7.5, 7],
			"rotation": {"angle": 0, "axis": "y", "origin": [15, 8, 15]},
			"faces": {
				"north": {"uv": [1.5, 0, 4, 5.5], "texture": "#0"},
				"east": {"uv": [0, 0, 0, 3.5], "texture": "#0"},
				"south": {"uv": [8, 0, 10.5, 5.5], "texture": "#0"},
				"west": {"uv": [0, 0, 0, 3.5], "texture": "#0"},
				"up": {"uv": [0, 0, 1.25, 0], "texture": "#0"},
				"down": {"uv": [0, 0, 1.25, 0], "texture": "#0"}
			}
		},
		{
			"name": "quiver",
			"from": [7, 2, 8.5],
			"to": [9.5, 7.5, 8.5],
			"rotation": {"angle": 0, "axis": "y", "origin": [15, 8, 15]},
			"faces": {
				"north": {"uv": [8, 0, 10.5, 5.5], "texture": "#0"},
				"east": {"uv": [0, 0, 0, 3.5], "texture": "#0"},
				"south": {"uv": [5.5, 0, 8, 5.5], "texture": "#0"},
				"west": {"uv": [0, 0, 0, 3.5], "texture": "#0"},
				"up": {"uv": [0, 0, 1.25, 0], "texture": "#0"},
				"down": {"uv": [0, 0, 1.25, 0], "texture": "#0"}
			}
		},
		{
			"name": "quiver",
			"from": [9.5, 2, 7],
			"to": [9.5, 7.5, 8.5],
			"rotation": {"angle": 0, "axis": "y", "origin": [15, 8, 15]},
			"faces": {
				"north": {"uv": [0, 0, 0, 3.5], "texture": "#0"},
				"east": {"uv": [0, 0, 1.5, 5.5], "texture": "#0"},
				"south": {"uv": [0, 0, 0, 3.5], "texture": "#0"},
				"west": {"uv": [8, 0, 9.5, 5.5], "texture": "#0"},
				"up": {"uv": [0, 0, 0, 0.75], "texture": "#0"},
				"down": {"uv": [0, 0, 0, 0.75], "texture": "#0"}
			}
		},
		{
			"name": "quiver",
			"from": [7, 2, 7],
			"to": [7, 7.5, 8.5],
			"rotation": {"angle": 0, "axis": "y", "origin": [15, 8, 15]},
			"faces": {
				"north": {"uv": [0, 0, 0, 3.5], "texture": "#0"},
				"east": {"uv": [8, 0, 9.5, 5.5], "texture": "#0"},
				"south": {"uv": [0, 0, 0, 3.5], "texture": "#0"},
				"west": {"uv": [4, 0, 5.5, 5.5], "texture": "#0"},
				"up": {"uv": [0, 0, 0, 0.75], "texture": "#0"},
				"down": {"uv": [0, 0, 0, 0.75], "texture": "#0"}
			}
		},
		{
			"name": "quiver",
			"from": [7, 2, 7],
			"to": [9.5, 2, 8.5],
			"rotation": {"angle": 0, "axis": "y", "origin": [15, 8, 15]},
			"faces": {
				"north": {"uv": [0, 0, 1.25, 0], "texture": "#0"},
				"east": {"uv": [0, 0, 0.75, 0], "texture": "#0"},
				"south": {"uv": [0, 0, 1.25, 0], "texture": "#0"},
				"west": {"uv": [0, 0, 0.75, 0], "texture": "#0"},
				"up": {"uv": [8.5, 1, 9, 2.5], "texture": "#0"},
				"down": {"uv": [0, 7.5, 0.5, 9], "texture": "#0"}
			}
		},
		{
			"name": "quiver",
			"from": [7.5, 0.5, 7],
			"to": [9, 2, 8.5],
			"rotation": {"angle": 0, "axis": "y", "origin": [15, 8, 15]},
			"faces": {
				"north": {"uv": [2, 5.5, 3.5, 7], "texture": "#0"},
				"east": {"uv": [0, 5.5, 1.5, 7], "texture": "#0"},
				"south": {"uv": [6, 5.5, 7.5, 7], "texture": "#0"},
				"west": {"uv": [4, 5.5, 5.5, 7], "texture": "#0"},
				"up": {"uv": [0, 7.5, 0.5, 9], "texture": "#0"},
				"down": {"uv": [0, 7.5, 0.5, 9], "texture": "#0"}
			}
		},
		{
			"name": "quiver",
			"from": [8, 0, 7],
			"to": [8.5, 0.5, 8.5],
			"rotation": {"angle": 0, "axis": "y", "origin": [15, 8, 15]},
			"faces": {
				"north": {"uv": [2.5, 7, 3, 7.5], "texture": "#0"},
				"east": {"uv": [0, 7, 1.5, 7.5], "texture": "#0"},
				"south": {"uv": [6.5, 7, 7, 7.5], "texture": "#0"},
				"west": {"uv": [4, 7, 5.5, 7.5], "texture": "#0"},
				"up": {"uv": [0, 7.5, 0.5, 9], "texture": "#0"},
				"down": {"uv": [0, 7.5, 0.5, 9], "texture": "#0"}
			}
		},
		{
			"name": "strap",
			"from": [5.5, 0.5, 7.75],
			"to": [7.5, 7, 7.75],
			"rotation": {"angle": 0, "axis": "y", "origin": [14, 8.5, 14.75]},
			"faces": {
				"north": {"uv": [11, 0.5, 13, 7], "texture": "#0"},
				"east": {"uv": [0, 0, 0, 2.75], "texture": "#0"},
				"south": {"uv": [13, 0.5, 15, 7], "texture": "#0"},
				"west": {"uv": [0, 0, 0, 2.75], "texture": "#0"},
				"up": {"uv": [0, 0, 1, 0], "texture": "#0"},
				"down": {"uv": [0, 0, 1, 0], "texture": "#0"}
			}
		},
		{
			"name": "wood",
			"from": [8.65, 3.4, 7.15],
			"to": [9.25, 8.4, 7.75],
			"faces": {
				"north": {"uv": [2.5, 12, 3, 16], "texture": "#0"},
				"east": {"uv": [2.5, 12, 3, 16], "texture": "#0"},
				"south": {"uv": [2.5, 12, 3, 16], "texture": "#0"},
				"west": {"uv": [2.5, 12, 3, 16], "texture": "#0"},
				"up": {"uv": [2.5, 12, 3, 12.5], "texture": "#0"},
				"down": {"uv": [2.5, 15.5, 3, 16], "texture": "#0"}
			}
		},
		{
			"name": "metal",
			"from": [8.7, 8.4, 7.2],
			"to": [9.2, 12.9, 7.7],
			"faces": {
				"north": {"uv": [2.5, 7.5, 3, 12], "texture": "#0"},
				"east": {"uv": [2.5, 7.5, 3, 12], "texture": "#0"},
				"south": {"uv": [2.5, 7.5, 3, 12], "texture": "#0"},
				"west": {"uv": [2.5, 7.5, 3, 12], "texture": "#0"},
				"up": {"uv": [2.5, 7.5, 3, 8], "texture": "#0"},
				"down": {"uv": [2.5, 11.5, 3, 12], "texture": "#0"}
			}
		},
		{
			"name": "metal",
			"from": [9.2, 10.9, 7.2],
			"to": [10.2, 11.9, 7.7],
			"faces": {
				"north": {"uv": [1.5, 8.5, 2.5, 9.5], "texture": "#0"},
				"east": {"uv": [4, 8.5, 4.5, 9.5], "texture": "#0"},
				"south": {"uv": [3.5, 8.5, 4.5, 9.5], "texture": "#0"},
				"west": {"uv": [1.5, 8.5, 2, 9.5], "texture": "#0"},
				"up": {"uv": [3.5, 8.5, 4.5, 9], "texture": "#0"},
				"down": {"uv": [1.5, 9, 2.5, 9.5], "texture": "#0"}
			}
		},
		{
			"name": "metal",
			"from": [10.2, 10.9, 7.2],
			"to": [11.2, 11.4, 7.7],
			"faces": {
				"north": {"uv": [0.5, 9, 1.5, 9.5], "texture": "#0"},
				"east": {"uv": [5, 9, 5.5, 9.5], "texture": "#0"},
				"south": {"uv": [4.5, 9, 5.5, 9.5], "texture": "#0"},
				"west": {"uv": [0.5, 9, 1, 9.5], "texture": "#0"},
				"up": {"uv": [4.5, 9, 5.5, 9.5], "texture": "#0"},
				"down": {"uv": [1.5, 9, 2.5, 9.5], "texture": "#0"}
			}
		},
		{
			"name": "metal",
			"from": [10.7, 9.9, 7.2],
			"to": [11.2, 10.9, 7.7],
			"faces": {
				"north": {"uv": [0.5, 9.5, 1, 10.5], "texture": "#0"},
				"east": {"uv": [5, 9.5, 5.5, 10.5], "texture": "#0"},
				"south": {"uv": [5, 9.5, 5.5, 10.5], "texture": "#0"},
				"west": {"uv": [0.5, 9.5, 1, 10.5], "texture": "#0"},
				"up": {"uv": [5, 9, 5.5, 9.5], "texture": "#0"},
				"down": {"uv": [5, 9, 5.5, 9.5], "texture": "#0"}
			}
		},
		{
			"name": "metal",
			"from": [9.7, 9.4, 7.2],
			"to": [11.2, 9.9, 7.7],
			"faces": {
				"north": {"uv": [0.5, 10.5, 2, 11], "texture": "#0"},
				"east": {"uv": [5, 10.5, 5.5, 11], "texture": "#0"},
				"south": {"uv": [4, 10.5, 5.5, 11], "texture": "#0"},
				"west": {"uv": [0.5, 10.5, 1, 11], "texture": "#0"},
				"up": {"uv": [5, 10.5, 5.5, 11], "texture": "#0"},
				"down": {"uv": [5, 10.5, 5.5, 11], "texture": "#0"}
			}
		},
		{
			"name": "metal",
			"from": [9.7, 9.9, 7.2],
			"to": [10.2, 10.4, 7.7],
			"faces": {
				"north": {"uv": [1.5, 10, 2, 10.5], "texture": "#0"},
				"east": {"uv": [4, 10, 4.5, 10.5], "texture": "#0"},
				"south": {"uv": [4, 10, 4.5, 10.5], "texture": "#0"},
				"west": {"uv": [1.5, 10, 2, 10.5], "texture": "#0"},
				"up": {"uv": [4, 10, 4.5, 10.5], "texture": "#0"},
				"down": {"uv": [4, 10, 4.5, 10.5], "texture": "#0"}
			}
		},
		{
			"name": "wood",
			"from": [7.25, 3.3, 7.8],
			"to": [7.85, 8.3, 8.4],
			"faces": {
				"north": {"uv": [2.5, 12, 3, 16], "texture": "#0"},
				"east": {"uv": [2.5, 12, 3, 16], "texture": "#0"},
				"south": {"uv": [2.5, 12, 3, 16], "texture": "#0"},
				"west": {"uv": [2.5, 12, 3, 16], "texture": "#0"},
				"up": {"uv": [2.5, 12, 3, 12.5], "texture": "#0"},
				"down": {"uv": [2.5, 15.5, 3, 16], "texture": "#0"}
			}
		},
		{
			"name": "metal",
			"from": [7.3, 8.3, 7.85],
			"to": [7.8, 12.8, 8.35],
			"faces": {
				"north": {"uv": [2.5, 7.5, 3, 12], "texture": "#0"},
				"east": {"uv": [2.5, 7.5, 3, 12], "texture": "#0"},
				"south": {"uv": [2.5, 7.5, 3, 12], "texture": "#0"},
				"west": {"uv": [2.5, 7.5, 3, 12], "texture": "#0"},
				"up": {"uv": [2.5, 7.5, 3, 8], "texture": "#0"},
				"down": {"uv": [2.5, 11.5, 3, 12], "texture": "#0"}
			}
		},
		{
			"name": "metal",
			"from": [7.8, 10.8, 7.85],
			"to": [8.8, 11.8, 8.35],
			"faces": {
				"north": {"uv": [1.5, 8.5, 2.5, 9.5], "texture": "#0"},
				"east": {"uv": [4, 8.5, 4.5, 9.5], "texture": "#0"},
				"south": {"uv": [3.5, 8.5, 4.5, 9.5], "texture": "#0"},
				"west": {"uv": [1.5, 8.5, 2, 9.5], "texture": "#0"},
				"up": {"uv": [3.5, 8.5, 4.5, 9], "texture": "#0"},
				"down": {"uv": [1.5, 9, 2.5, 9.5], "texture": "#0"}
			}
		},
		{
			"name": "metal",
			"from": [8.8, 10.8, 7.85],
			"to": [9.8, 11.3, 8.35],
			"faces": {
				"north": {"uv": [0.5, 9, 1.5, 9.5], "texture": "#0"},
				"east": {"uv": [5, 9, 5.5, 9.5], "texture": "#0"},
				"south": {"uv": [4.5, 9, 5.5, 9.5], "texture": "#0"},
				"west": {"uv": [0.5, 9, 1, 9.5], "texture": "#0"},
				"up": {"uv": [4.5, 9, 5.5, 9.5], "texture": "#0"},
				"down": {"uv": [1.5, 9, 2.5, 9.5], "texture": "#0"}
			}
		},
		{
			"name": "metal",
			"from": [9.3, 9.8, 7.85],
			"to": [9.8, 10.8, 8.35],
			"faces": {
				"north": {"uv": [0.5, 9.5, 1, 10.5], "texture": "#0"},
				"east": {"uv": [5, 9.5, 5.5, 10.5], "texture": "#0"},
				"south": {"uv": [5, 9.5, 5.5, 10.5], "texture": "#0"},
				"west": {"uv": [0.5, 9.5, 1, 10.5], "texture": "#0"},
				"up": {"uv": [5, 9, 5.5, 9.5], "texture": "#0"},
				"down": {"uv": [5, 9, 5.5, 9.5], "texture": "#0"}
			}
		},
		{
			"name": "metal",
			"from": [8.3, 9.3, 7.85],
			"to": [9.8, 9.8, 8.35],
			"faces": {
				"north": {"uv": [0.5, 10.5, 2, 11], "texture": "#0"},
				"east": {"uv": [5, 10.5, 5.5, 11], "texture": "#0"},
				"south": {"uv": [4, 10.5, 5.5, 11], "texture": "#0"},
				"west": {"uv": [0.5, 10.5, 1, 11], "texture": "#0"},
				"up": {"uv": [5, 10.5, 5.5, 11], "texture": "#0"},
				"down": {"uv": [5, 10.5, 5.5, 11], "texture": "#0"}
			}
		},
		{
			"name": "metal",
			"from": [8.3, 9.8, 7.85],
			"to": [8.8, 10.3, 8.35],
			"faces": {
				"north": {"uv": [1.5, 10, 2, 10.5], "texture": "#0"},
				"east": {"uv": [4, 10, 4.5, 10.5], "texture": "#0"},
				"south": {"uv": [4, 10, 4.5, 10.5], "texture": "#0"},
				"west": {"uv": [1.5, 10, 2, 10.5], "texture": "#0"},
				"up": {"uv": [4, 10, 4.5, 10.5], "texture": "#0"},
				"down": {"uv": [4, 10, 4.5, 10.5], "texture": "#0"}
			}
		}
	],
	"display": {
		"thirdperson_righthand": {
			"rotation": [0, -120, 0],
			"translation": [-1, 5, 0],
			"scale": [1.8, 1.8, 1.8]
		},
		"thirdperson_lefthand": {
			"rotation": [0, 60, 0],
			"translation": [0, 5, 0.25],
			"scale": [1.8, 1.8, 1.8]
		},
		"firstperson_righthand": {
			"rotation": [0, 103, 0],
			"translation": [0, 7.25, 2.5]
		},
		"firstperson_lefthand": {
			"rotation": [0, -73, 0],
			"translation": [-0.25, 7.25, 2.5]
		},
		"ground": {
			"rotation": [90, 0, 90],
			"translation": [-3.5, -3.75, -0.5],
			"scale": [1.65, 1.65, 1.65]
		},
		"gui": {
			"rotation": [12, 147, 27],
			"translation": [2.5, 1.5, 0],
			"scale": [1.37, 1.37, 1.37]
		},
		"head": {
			"rotation": [-84, 41, -6],
			"translation": [10, 3.75, -9.25],
			"scale": [2.69, 2.69, 2.69]
		},
		"fixed": {
			"rotation": [0, 0, 34],
			"translation": [-2, 1.75, 0],
			"scale": [1.68, 1.68, 1.68]
		}
	}
}