{
	"credit": "Made with Blockbench",
	"texture_size": [32, 16],
	"textures": {
		"0": "dungeons_gear:item/harvester",
		"particle": "dungeons_gear:item/harvester"
	},
	"elements": [
		{
			"name": "tome",
			"from": [5, 0, 6],
			"to": [11, 8, 10],
			"rotation": {"angle": 0, "axis": "y", "origin": [8, 0, 7]},
			"faces": {
				"north": {"uv": [4, 0, 7, 8], "texture": "#0"},
				"east": {"uv": [0, 0, 2, 8], "texture": "#0"},
				"south": {"uv": [4, 0, 7, 8], "texture": "#0"},
				"west": {"uv": [2, 0, 4, 8], "texture": "#0"},
				"up": {"uv": [1, 8, 4, 12], "texture": "#0"},
				"down": {"uv": [4, 8, 7, 12], "rotation": 180, "texture": "#0"}
			}
		},
		{
			"name": "icon",
			"from": [6, 1, 5.5],
			"to": [10, 7, 6.5],
			"rotation": {"angle": 0, "axis": "y", "origin": [6, 1, 6]},
			"faces": {
				"north": {"uv": [7, 0, 9, 6], "texture": "#0"},
				"east": {"uv": [9, 0, 9.5, 6], "texture": "#0"},
				"south": {"uv": [0.5, 1, 2.5, 7], "texture": "#0"},
				"west": {"uv": [9, 0, 9.5, 6], "texture": "#0"},
				"up": {"uv": [7, 0, 9, 1], "texture": "#0"},
				"down": {"uv": [7, 6, 9, 7], "texture": "#0"}
			}
		},
		{
			"name": "hinge",
			"from": [4.5, 2.5, 6.75],
			"to": [5.5, 5.5, 9.75],
			"faces": {
				"north": {"uv": [9.5, 0, 10, 3], "texture": "#0"},
				"east": {"uv": [0, 0, 1.5, 3], "texture": "#0"},
				"south": {"uv": [9.5, 0, 10, 3], "texture": "#0"},
				"west": {"uv": [10, 0, 11.5, 3], "texture": "#0"},
				"up": {"uv": [10, 3, 11.5, 4], "texture": "#0"},
				"down": {"uv": [10, 3, 11.5, 4], "texture": "#0"}
			}
		}
	],
	"display": {
		"thirdperson_righthand": {
			"rotation": [0, 55, 0],
			"translation": [0, 2.25, -1.25]
		},
		"thirdperson_lefthand": {
			"rotation": [0, -125, 0],
			"translation": [0, 2.25, -1.25]
		},
		"firstperson_righthand": {
			"rotation": [0, 89, 4],
			"translation": [0.25, 7.25, 2]
		},
		"firstperson_lefthand": {
			"rotation": [0, 89, 4],
			"translation": [0.25, 7.25, 2]
		},
		"ground": {
			"rotation": [90, 0, 0],
			"translation": [0, -2, 5],
			"scale": [1.25, 1.25, 1.25]
		},
		"gui": {
			"rotation": [-14, 157.5, 30],
			"translation": [2.75, 5.25, 0],
			"scale": [1.45, 1.45, 1.45]
		},
		"head": {
			"rotation": [90, 0, -35],
			"translation": [3, 9.25, 4],
			"scale": [1.35, 1.35, 1.35]
		},
		"fixed": {
			"translation": [0, 8, 0],
			"scale": [2, 2, 2]
		}
	}
}