{
	"credit": "Made with Blockbench",
	"texture_size": [48, 32],
	"textures": {
		"0": "dungeons_gear:item/iron_hide_amulet",
		"particle": "dungeons_gear:item/iron_hide_amulet"
	},
	"elements": [
		{
			"name": "frame",
			"from": [3.5, 0, 7],
			"to": [13, 9.5, 8],
			"faces": {
				"north": {"uv": [0, 0, 6.33333, 9.5], "texture": "#0"},
				"east": {"uv": [6.33333, 0, 7, 9.5], "rotation": 180, "texture": "#0"},
				"south": {"uv": [7, 6.5, 13.33333, 16], "texture": "#0"},
				"west": {"uv": [6.33333, 0, 7, 9.5], "texture": "#0"},
				"up": {"uv": [7, 5.5, 13.33333, 6.5], "rotation": 180, "texture": "#0"},
				"down": {"uv": [6.33333, 0, 7, 9.5], "rotation": 270, "texture": "#0"}
			}
		},
		{
			"name": "gem",
			"from": [5.9, 2.5, 6.5],
			"to": [10.5, 7.1, 7],
			"faces": {
				"north": {"uv": [7.33333, 0.5, 10.33333, 5], "texture": "#0"},
				"east": {"uv": [7, 0.5, 7.33333, 5], "texture": "#0"},
				"south": {"uv": [2.33333, 3.5, 4, 6], "texture": "#0"},
				"west": {"uv": [10.33333, 0.5, 10.66667, 5], "texture": "#0"},
				"up": {"uv": [7.33333, 0, 10.33333, 0.5], "rotation": 180, "texture": "#0"},
				"down": {"uv": [7.33333, 5, 10.33333, 5.5], "texture": "#0"}
			}
		},
		{
			"name": "link",
			"from": [9, 9.5, 7.45],
			"to": [9.5, 12.5, 7.95],
			"rotation": {"angle": 0, "axis": "y", "origin": [8.25, 13, 7.7]},
			"faces": {
				"north": {"uv": [10.66667, 1, 11, 4], "texture": "#0"},
				"east": {"uv": [12.33333, 1, 12.66667, 4], "texture": "#0"},
				"south": {"uv": [12, 1, 12.33333, 4], "texture": "#0"},
				"west": {"uv": [12.66667, 1, 13, 4], "texture": "#0"},
				"up": {"uv": [12.33333, 0.5, 12.66667, 1], "texture": "#0"},
				"down": {"uv": [12.33333, 0.5, 12.66667, 1], "texture": "#0"}
			}
		},
		{
			"name": "link",
			"from": [7, 9.5, 7.45],
			"to": [7.5, 12.5, 7.95],
			"rotation": {"angle": 0, "axis": "y", "origin": [8.25, 13, 7.7]},
			"faces": {
				"north": {"uv": [12, 1, 12.33333, 4], "texture": "#0"},
				"east": {"uv": [12.66667, 1, 13, 4], "texture": "#0"},
				"south": {"uv": [10.66667, 1, 11, 4], "texture": "#0"},
				"west": {"uv": [12.33333, 1, 12.66667, 4], "texture": "#0"},
				"up": {"uv": [12.33333, 0.5, 12.66667, 1], "texture": "#0"},
				"down": {"uv": [12.33333, 0.5, 12.66667, 1], "texture": "#0"}
			}
		},
		{
			"name": "link",
			"from": [7, 12.5, 7.45],
			"to": [9.5, 13, 7.95],
			"rotation": {"angle": 0, "axis": "y", "origin": [8.25, 13, 7.7]},
			"faces": {
				"north": {"uv": [10.66667, 0.5, 12.33333, 1], "texture": "#0"},
				"east": {"uv": [12.33333, 0.5, 12.66667, 1], "texture": "#0"},
				"south": {"uv": [10.66667, 0.5, 12.33333, 1], "texture": "#0"},
				"west": {"uv": [12.33333, 0.5, 12.66667, 1], "texture": "#0"},
				"up": {"uv": [10.66667, 0, 12.33333, 0.5], "texture": "#0"},
				"down": {"uv": [10.66667, 4, 12.33333, 4.5], "texture": "#0"}
			}
		},
		{
			"name": "link",
			"from": [5.35, 10.9, 8.7],
			"to": [5.85, 13.4, 9.2],
			"rotation": {"angle": -45, "axis": "z", "origin": [4.75, 10, 7.7]},
			"faces": {
				"north": {"uv": [12.66667, 1, 13, 4], "texture": "#0"},
				"east": {"uv": [10.66667, 1, 11, 3.5], "texture": "#0"},
				"south": {"uv": [12.33333, 1, 12.66667, 4], "texture": "#0"},
				"west": {"uv": [12, 1, 12.33333, 3.5], "texture": "#0"},
				"up": {"uv": [12.33333, 0.5, 12.66667, 1], "rotation": 90, "texture": "#0"},
				"down": {"uv": [12.33333, 0.5, 12.66667, 1], "rotation": 270, "texture": "#0"}
			}
		},
		{
			"name": "link",
			"from": [5.35, 10.9, 6.7],
			"to": [5.85, 13.4, 7.2],
			"rotation": {"angle": -45, "axis": "z", "origin": [4.75, 10, 7.7]},
			"faces": {
				"north": {"uv": [12.33333, 1, 12.66667, 4], "texture": "#0"},
				"east": {"uv": [12, 1, 12.33333, 3.5], "texture": "#0"},
				"south": {"uv": [12.66667, 1, 13, 4], "texture": "#0"},
				"west": {"uv": [10.66667, 1, 11, 3.5], "texture": "#0"},
				"up": {"uv": [12.33333, 0.5, 12.66667, 1], "rotation": 90, "texture": "#0"},
				"down": {"uv": [12.33333, 0.5, 12.66667, 1], "rotation": 270, "texture": "#0"}
			}
		},
		{
			"name": "link",
			"from": [5.35, 13.4, 6.7],
			"to": [5.85, 13.9, 9.2],
			"rotation": {"angle": -45, "axis": "z", "origin": [4.75, 10, 7.7]},
			"faces": {
				"north": {"uv": [12.33333, 0.5, 12.66667, 1], "texture": "#0"},
				"east": {"uv": [10.66667, 0.5, 12.33333, 1], "texture": "#0"},
				"south": {"uv": [12.33333, 0.5, 12.66667, 1], "texture": "#0"},
				"west": {"uv": [10.66667, 0.5, 12.33333, 1], "texture": "#0"},
				"up": {"uv": [10.66667, 0, 12.33333, 0.5], "rotation": 90, "texture": "#0"},
				"down": {"uv": [10.66667, 4, 12.33333, 4.5], "rotation": 270, "texture": "#0"}
			}
		},
		{
			"name": "link",
			"from": [5.35, 10.4, 6.7],
			"to": [5.85, 10.9, 9.2],
			"rotation": {"angle": -45, "axis": "z", "origin": [4.75, 10, 7.7]},
			"faces": {
				"north": {"uv": [12.33333, 3.5, 12.66667, 4], "texture": "#0"},
				"east": {"uv": [10.66667, 3.5, 12.33333, 4], "texture": "#0"},
				"south": {"uv": [12.33333, 3.5, 12.66667, 4], "texture": "#0"},
				"west": {"uv": [10.66667, 3.5, 12.33333, 4], "texture": "#0"},
				"up": {"uv": [10.66667, 0, 12.33333, 0.5], "rotation": 90, "texture": "#0"},
				"down": {"uv": [10.66667, 4, 12.33333, 4.5], "rotation": 270, "texture": "#0"}
			}
		},
		{
			"name": "link",
			"from": [6.15, 7.75, 8],
			"to": [6.65, 10.25, 8.5],
			"rotation": {"angle": 0, "axis": "y", "origin": [8.25, 13, 7.75]},
			"faces": {
				"north": {"uv": [10.66667, 1, 11, 3.5], "texture": "#0"},
				"east": {"uv": [12.33333, 1, 12.66667, 4], "texture": "#0"},
				"south": {"uv": [12, 1, 12.33333, 3.5], "texture": "#0"},
				"west": {"uv": [12.66667, 1, 13, 4], "texture": "#0"},
				"up": {"uv": [12.33333, 0.5, 12.66667, 1], "texture": "#0"},
				"down": {"uv": [12.33333, 0.5, 12.66667, 1], "texture": "#0"}
			}
		},
		{
			"name": "link",
			"from": [4.15, 7.75, 8],
			"to": [4.65, 10.25, 8.5],
			"rotation": {"angle": 0, "axis": "y", "origin": [8.25, 13, 7.75]},
			"faces": {
				"north": {"uv": [12, 1, 12.33333, 3.5], "texture": "#0"},
				"east": {"uv": [12.66667, 1, 13, 4], "texture": "#0"},
				"south": {"uv": [10.66667, 1, 11, 3.5], "texture": "#0"},
				"west": {"uv": [12.33333, 1, 12.66667, 4], "texture": "#0"},
				"up": {"uv": [12.33333, 0.5, 12.66667, 1], "texture": "#0"},
				"down": {"uv": [12.33333, 0.5, 12.66667, 1], "texture": "#0"}
			}
		},
		{
			"name": "link",
			"from": [4.15, 10.25, 8],
			"to": [6.65, 10.75, 8.5],
			"rotation": {"angle": 0, "axis": "y", "origin": [8.25, 13, 7.75]},
			"faces": {
				"north": {"uv": [10.66667, 0.5, 12.33333, 1], "texture": "#0"},
				"east": {"uv": [12.33333, 0.5, 12.66667, 1], "texture": "#0"},
				"south": {"uv": [10.66667, 0.5, 12.33333, 1], "texture": "#0"},
				"west": {"uv": [12.33333, 0.5, 12.66667, 1], "texture": "#0"},
				"up": {"uv": [10.66667, 0, 12.33333, 0.5], "texture": "#0"},
				"down": {"uv": [10.66667, 4, 12.33333, 4.5], "texture": "#0"}
			}
		},
		{
			"name": "link",
			"from": [4.15, 7.25, 8],
			"to": [6.65, 7.75, 8.5],
			"rotation": {"angle": 0, "axis": "y", "origin": [8.25, 13, 7.75]},
			"faces": {
				"north": {"uv": [10.66667, 3.5, 12.33333, 4], "texture": "#0"},
				"east": {"uv": [12.33333, 3.5, 12.66667, 4], "texture": "#0"},
				"south": {"uv": [10.66667, 3.5, 12.33333, 4], "texture": "#0"},
				"west": {"uv": [12.33333, 3.5, 12.66667, 4], "texture": "#0"},
				"up": {"uv": [10.66667, 0, 12.33333, 0.5], "texture": "#0"},
				"down": {"uv": [10.66667, 4, 12.33333, 4.5], "texture": "#0"}
			}
		}
	],
	"display": {
		"thirdperson_righthand": {
			"rotation": [0, 28, 0],
			"translation": [0, 0, -0.25],
			"scale": [0.9, 0.9, 0.9]
		},
		"thirdperson_lefthand": {
			"rotation": [0, 28, 0],
			"translation": [0, 0, -0.25],
			"scale": [0.9, 0.9, 0.9]
		},
		"firstperson_righthand": {
			"rotation": [22.5, 91, -15],
			"translation": [3.25, 3.75, 0.5]
		},
		"firstperson_lefthand": {
			"rotation": [22.5, 91, -15],
			"translation": [3.25, 3.75, 0.5]
		},
		"ground": {
			"rotation": [90, 0, 0],
			"translation": [-0.25, -3, 2.75]
		},
		"gui": {
			"rotation": [-13.5, 150, 12.5],
			"translation": [0.75, 1.75, 0],
			"scale": [1.16, 1.16, 1.16]
		},
		"head": {
			"rotation": [90, 0, 25],
			"translation": [-2.5, 6.5, 2.25]
		},
		"fixed": {
			"translation": [-0.5, 2.25, 0.25],
			"scale": [1.48, 1.48, 1.48]
		}
	}
}