{
	"credit": "Made with Blockbench",
	"texture_size": [48, 36],
	"textures": {
		"0": "dungeons_gear:item/love_medallion",
		"particle": "dungeons_gear:item/love_medallion"
	},
	"elements": [
		{
			"name": "frame",
			"from": [-1.5, 0, 7],
			"to": [8, 9.5, 8],
			"rotation": {"angle": -45, "axis": "z", "origin": [8, 0, 8]},
			"faces": {
				"north": {"uv": [0, 0, 6.33333, 8.44444], "texture": "#0"},
				"east": {"uv": [6.33333, 0, 7, 8.44444], "rotation": 180, "texture": "#0"},
				"south": {"uv": [7, 5.77778, 13.33333, 14.22222], "rotation": 270, "texture": "#0"},
				"west": {"uv": [0, 8.44444, 6.33333, 9.33333], "rotation": 90, "texture": "#0"},
				"up": {"uv": [0, 8.44444, 6.33333, 9.33333], "rotation": 180, "texture": "#0"},
				"down": {"uv": [6.33333, 0, 7, 8.44444], "rotation": 270, "texture": "#0"}
			}
		},
		{
			"name": "link",
			"from": [3.9, 11.75, 7.95],
			"to": [6.4, 12.25, 8.45],
			"rotation": {"angle": 0, "axis": "y", "origin": [8, 14.5, 7.7]},
			"faces": {
				"north": {"uv": [10.66667, 0.44444, 12.33333, 0.88889], "texture": "#0"},
				"east": {"uv": [12.33333, 0.44444, 12.66667, 0.88889], "texture": "#0"},
				"south": {"uv": [10.66667, 0.44444, 12.33333, 0.88889], "texture": "#0"},
				"west": {"uv": [12.33333, 0.44444, 12.66667, 0.88889], "texture": "#0"},
				"up": {"uv": [10.66667, 0, 12.33333, 0.44444], "texture": "#0"},
				"down": {"uv": [10.66667, 3.55556, 12.33333, 4], "texture": "#0"}
			}
		},
		{
			"name": "link",
			"from": [3.9, 9.25, 7.95],
			"to": [4.4, 11.75, 8.45],
			"rotation": {"angle": 0, "axis": "y", "origin": [8, 14.5, 7.7]},
			"faces": {
				"north": {"uv": [12, 0.88889, 12.33333, 3.11111], "texture": "#0"},
				"east": {"uv": [12.66667, 0.88889, 13, 3.55556], "texture": "#0"},
				"south": {"uv": [10.66667, 0.88889, 11, 3.11111], "texture": "#0"},
				"west": {"uv": [12.33333, 0.88889, 12.66667, 3.55556], "texture": "#0"},
				"up": {"uv": [12.33333, 0.44444, 12.66667, 0.88889], "texture": "#0"},
				"down": {"uv": [12.33333, 0.44444, 12.66667, 0.88889], "texture": "#0"}
			}
		},
		{
			"name": "link",
			"from": [5.9, 9.25, 7.95],
			"to": [6.4, 11.75, 8.45],
			"rotation": {"angle": 0, "axis": "y", "origin": [8, 14.5, 7.7]},
			"faces": {
				"north": {"uv": [10.66667, 0.88889, 11, 3.11111], "texture": "#0"},
				"east": {"uv": [12.33333, 0.88889, 12.66667, 3.55556], "texture": "#0"},
				"south": {"uv": [12, 0.88889, 12.33333, 3.11111], "texture": "#0"},
				"west": {"uv": [12.66667, 0.88889, 13, 3.55556], "texture": "#0"},
				"up": {"uv": [12.33333, 0.44444, 12.66667, 0.88889], "texture": "#0"},
				"down": {"uv": [12.33333, 0.44444, 12.66667, 0.88889], "texture": "#0"}
			}
		},
		{
			"name": "link",
			"from": [5.1, 11.9, 6.7],
			"to": [5.6, 12.4, 9.2],
			"rotation": {"angle": -45, "axis": "z", "origin": [4.5, 11.5, 7.7]},
			"faces": {
				"north": {"uv": [12.33333, 3.11111, 12.66667, 3.55556], "texture": "#0"},
				"east": {"uv": [10.66667, 3.11111, 12.33333, 3.55556], "texture": "#0"},
				"south": {"uv": [12.33333, 3.11111, 12.66667, 3.55556], "texture": "#0"},
				"west": {"uv": [10.66667, 3.11111, 12.33333, 3.55556], "texture": "#0"},
				"up": {"uv": [10.66667, 0, 12.33333, 0.44444], "rotation": 90, "texture": "#0"},
				"down": {"uv": [10.66667, 3.55556, 12.33333, 4], "rotation": 270, "texture": "#0"}
			}
		},
		{
			"name": "link",
			"from": [5.1, 14.9, 6.7],
			"to": [5.6, 15.4, 9.2],
			"rotation": {"angle": -45, "axis": "z", "origin": [4.5, 11.5, 7.7]},
			"faces": {
				"north": {"uv": [12.33333, 0.44444, 12.66667, 0.88889], "texture": "#0"},
				"east": {"uv": [10.66667, 0.44444, 12.33333, 0.88889], "texture": "#0"},
				"south": {"uv": [12.33333, 0.44444, 12.66667, 0.88889], "texture": "#0"},
				"west": {"uv": [10.66667, 0.44444, 12.33333, 0.88889], "texture": "#0"},
				"up": {"uv": [10.66667, 0, 12.33333, 0.44444], "rotation": 90, "texture": "#0"},
				"down": {"uv": [10.66667, 3.55556, 12.33333, 4], "rotation": 270, "texture": "#0"}
			}
		},
		{
			"name": "link",
			"from": [5.1, 12.4, 6.7],
			"to": [5.6, 14.9, 7.2],
			"rotation": {"angle": -45, "axis": "z", "origin": [4.5, 11.5, 7.7]},
			"faces": {
				"north": {"uv": [12.33333, 0.88889, 12.66667, 3.55556], "texture": "#0"},
				"east": {"uv": [12, 0.88889, 12.33333, 3.11111], "texture": "#0"},
				"south": {"uv": [12.66667, 0.88889, 13, 3.55556], "texture": "#0"},
				"west": {"uv": [10.66667, 0.88889, 11, 3.11111], "texture": "#0"},
				"up": {"uv": [12.33333, 0.44444, 12.66667, 0.88889], "rotation": 90, "texture": "#0"},
				"down": {"uv": [12.33333, 0.44444, 12.66667, 0.88889], "rotation": 270, "texture": "#0"}
			}
		},
		{
			"name": "link",
			"from": [5.1, 12.4, 8.7],
			"to": [5.6, 14.9, 9.2],
			"rotation": {"angle": -45, "axis": "z", "origin": [4.5, 11.5, 7.7]},
			"faces": {
				"north": {"uv": [12.66667, 0.88889, 13, 3.55556], "texture": "#0"},
				"east": {"uv": [10.66667, 0.88889, 11, 3.11111], "texture": "#0"},
				"south": {"uv": [12.33333, 0.88889, 12.66667, 3.55556], "texture": "#0"},
				"west": {"uv": [12, 0.88889, 12.33333, 3.11111], "texture": "#0"},
				"up": {"uv": [12.33333, 0.44444, 12.66667, 0.88889], "rotation": 90, "texture": "#0"},
				"down": {"uv": [12.33333, 0.44444, 12.66667, 0.88889], "rotation": 270, "texture": "#0"}
			}
		},
		{
			"name": "link",
			"from": [6.75, 15, 7.45],
			"to": [9.25, 15.5, 7.95],
			"rotation": {"angle": 0, "axis": "y", "origin": [8, 15.5, 7.7]},
			"faces": {
				"north": {"uv": [10.66667, 0.44444, 12.33333, 0.88889], "texture": "#0"},
				"east": {"uv": [12.33333, 0.44444, 12.66667, 0.88889], "texture": "#0"},
				"south": {"uv": [10.66667, 0.44444, 12.33333, 0.88889], "texture": "#0"},
				"west": {"uv": [12.33333, 0.44444, 12.66667, 0.88889], "texture": "#0"},
				"up": {"uv": [10.66667, 0, 12.33333, 0.44444], "texture": "#0"},
				"down": {"uv": [10.66667, 3.55556, 12.33333, 4], "texture": "#0"}
			}
		},
		{
			"name": "link",
			"from": [6.75, 12, 7.45],
			"to": [7.25, 15, 7.95],
			"rotation": {"angle": 0, "axis": "y", "origin": [8, 15.5, 7.7]},
			"faces": {
				"north": {"uv": [12, 0.88889, 12.33333, 3.55556], "texture": "#0"},
				"east": {"uv": [12.66667, 0.88889, 13, 3.55556], "texture": "#0"},
				"south": {"uv": [10.66667, 0.88889, 11, 3.55556], "texture": "#0"},
				"west": {"uv": [12.33333, 0.88889, 12.66667, 3.55556], "texture": "#0"},
				"up": {"uv": [12.33333, 0.44444, 12.66667, 0.88889], "texture": "#0"},
				"down": {"uv": [12.33333, 0.44444, 12.66667, 0.88889], "texture": "#0"}
			}
		},
		{
			"name": "link",
			"from": [8.75, 12, 7.45],
			"to": [9.25, 15, 7.95],
			"rotation": {"angle": 0, "axis": "y", "origin": [8, 15.5, 7.7]},
			"faces": {
				"north": {"uv": [10.66667, 0.88889, 11, 3.55556], "texture": "#0"},
				"east": {"uv": [12.33333, 0.88889, 12.66667, 3.55556], "texture": "#0"},
				"south": {"uv": [12, 0.88889, 12.33333, 3.55556], "texture": "#0"},
				"west": {"uv": [12.66667, 0.88889, 13, 3.55556], "texture": "#0"},
				"up": {"uv": [12.33333, 0.44444, 12.66667, 0.88889], "texture": "#0"},
				"down": {"uv": [12.33333, 0.44444, 12.66667, 0.88889], "texture": "#0"}
			}
		},
		{
			"name": "link",
			"from": [3.9, 8.75, 7.95],
			"to": [6.4, 9.25, 8.45],
			"rotation": {"angle": 0, "axis": "y", "origin": [8, 14.5, 7.7]},
			"faces": {
				"north": {"uv": [10.66667, 3.11111, 12.33333, 3.55556], "texture": "#0"},
				"east": {"uv": [12.33333, 3.11111, 12.66667, 3.55556], "texture": "#0"},
				"south": {"uv": [10.66667, 3.11111, 12.33333, 3.55556], "texture": "#0"},
				"west": {"uv": [12.33333, 3.11111, 12.66667, 3.55556], "texture": "#0"},
				"up": {"uv": [10.66667, 0, 12.33333, 0.44444], "texture": "#0"},
				"down": {"uv": [10.66667, 3.55556, 12.33333, 4], "texture": "#0"}
			}
		},
		{
			"name": "gem",
			"from": [9, 9.2, 6.5],
			"to": [10.5, 9.7, 7],
			"faces": {
				"north": {"uv": [0.66667, 9.33333, 1.66667, 9.77778], "texture": "#0"},
				"east": {"uv": [7, 6.66667, 7.33333, 7.11111], "texture": "#0"},
				"south": {"uv": [2.33333, 3.11111, 4, 5.33333], "texture": "#0"},
				"west": {"uv": [7, 7.55556, 7.33333, 8], "texture": "#0"},
				"up": {"uv": [10.33333, 5.77778, 11.33333, 6.22222], "texture": "#0"},
				"down": {"uv": [7, 7.11111, 7.33333, 7.55556], "texture": "#0"}
			}
		},
		{
			"name": "gem",
			"from": [5.5, 9.2, 6.5],
			"to": [7, 9.7, 7],
			"faces": {
				"north": {"uv": [3, 9.33333, 4, 9.77778], "texture": "#0"},
				"east": {"uv": [7, 6.66667, 7.33333, 7.11111], "texture": "#0"},
				"south": {"uv": [2.33333, 3.11111, 4, 5.33333], "texture": "#0"},
				"west": {"uv": [7, 7.55556, 7.33333, 8], "texture": "#0"},
				"up": {"uv": [10.33333, 5.77778, 11.33333, 6.22222], "texture": "#0"},
				"down": {"uv": [7, 7.11111, 7.33333, 7.55556], "texture": "#0"}
			}
		},
		{
			"name": "gem",
			"from": [5, 8.7, 6.5],
			"to": [7.5, 9.2, 7],
			"faces": {
				"north": {"uv": [2.66667, 9.77778, 4.33333, 10.22222], "texture": "#0"},
				"east": {"uv": [7, 6.66667, 7.33333, 7.11111], "texture": "#0"},
				"south": {"uv": [2.33333, 3.11111, 4, 5.33333], "texture": "#0"},
				"west": {"uv": [7, 7.55556, 7.33333, 8], "texture": "#0"},
				"up": {"uv": [10.33333, 5.77778, 11.33333, 6.22222], "texture": "#0"},
				"down": {"uv": [7, 7.11111, 7.33333, 7.55556], "texture": "#0"}
			}
		},
		{
			"name": "gem",
			"from": [8.5, 8.7, 6.5],
			"to": [11, 9.2, 7],
			"faces": {
				"north": {"uv": [0.33333, 9.77778, 2, 10.22222], "texture": "#0"},
				"east": {"uv": [7, 6.22222, 7.33333, 6.66667], "texture": "#0"},
				"south": {"uv": [2.33333, 3.11111, 4, 5.33333], "texture": "#0"},
				"west": {"uv": [7, 7.55556, 7.33333, 8], "texture": "#0"},
				"up": {"uv": [10.33333, 5.77778, 11.33333, 6.22222], "texture": "#0"},
				"down": {"uv": [7, 7.11111, 7.33333, 7.55556], "texture": "#0"}
			}
		},
		{
			"name": "gem",
			"from": [4.5, 5.7, 6.5],
			"to": [11.5, 8.7, 7],
			"faces": {
				"north": {"uv": [0, 10.22222, 4.66667, 12.88889], "texture": "#0"},
				"east": {"uv": [7, 6.66667, 7.33333, 9.33333], "texture": "#0"},
				"south": {"uv": [2.33333, 3.11111, 4, 5.33333], "texture": "#0"},
				"west": {"uv": [7, 7.11111, 7.33333, 7.55556], "texture": "#0"},
				"up": {"uv": [10.33333, 5.77778, 11.33333, 6.22222], "texture": "#0"},
				"down": {"uv": [7, 7.11111, 7.33333, 7.55556], "texture": "#0"}
			}
		},
		{
			"name": "gem",
			"from": [5, 5.2, 6.5],
			"to": [11, 5.7, 7],
			"faces": {
				"north": {"uv": [0.33333, 12.88889, 4.33333, 13.33333], "texture": "#0"},
				"east": {"uv": [7, 7.55556, 7.33333, 8], "texture": "#0"},
				"south": {"uv": [2.33333, 3.11111, 4, 5.33333], "texture": "#0"},
				"west": {"uv": [7, 7.55556, 7.33333, 8], "texture": "#0"},
				"up": {"uv": [10.33333, 5.77778, 10.66667, 6.22222], "texture": "#0"},
				"down": {"uv": [7, 7.11111, 7.33333, 7.55556], "texture": "#0"}
			}
		},
		{
			"name": "gem",
			"from": [5.5, 4.7, 6.5],
			"to": [10.5, 5.2, 7],
			"faces": {
				"north": {"uv": [0.66667, 13.33333, 4, 13.77778], "texture": "#0"},
				"east": {"uv": [7, 7.55556, 7.33333, 8], "texture": "#0"},
				"south": {"uv": [2.33333, 3.11111, 4, 5.33333], "texture": "#0"},
				"west": {"uv": [7, 7.55556, 7.33333, 8], "texture": "#0"},
				"up": {"uv": [10.33333, 5.77778, 10.66667, 6.22222], "texture": "#0"},
				"down": {"uv": [7, 7.11111, 7.33333, 7.55556], "texture": "#0"}
			}
		},
		{
			"name": "gem",
			"from": [6, 4.2, 6.5],
			"to": [10, 4.7, 7],
			"faces": {
				"north": {"uv": [1, 13.77778, 3.66667, 14.22222], "texture": "#0"},
				"east": {"uv": [7, 7.55556, 7.33333, 8], "texture": "#0"},
				"south": {"uv": [2.33333, 3.11111, 4, 5.33333], "texture": "#0"},
				"west": {"uv": [7, 7.55556, 7.33333, 8], "texture": "#0"},
				"up": {"uv": [10.33333, 5.77778, 10.66667, 6.22222], "texture": "#0"},
				"down": {"uv": [7, 7.11111, 7.33333, 7.55556], "texture": "#0"}
			}
		},
		{
			"name": "gem",
			"from": [6.5, 3.7, 6.5],
			"to": [9.5, 4.2, 7],
			"faces": {
				"north": {"uv": [1.33333, 14.22222, 3.33333, 14.66667], "texture": "#0"},
				"east": {"uv": [7, 7.55556, 7.33333, 8], "texture": "#0"},
				"south": {"uv": [2.33333, 3.11111, 4, 5.33333], "texture": "#0"},
				"west": {"uv": [7, 7.55556, 7.33333, 8], "texture": "#0"},
				"up": {"uv": [10.33333, 5.77778, 10.66667, 6.22222], "texture": "#0"},
				"down": {"uv": [7, 7.11111, 7.33333, 7.55556], "texture": "#0"}
			}
		},
		{
			"name": "gem",
			"from": [7.5, 3.2, 6.5],
			"to": [8.5, 3.7, 7],
			"faces": {
				"north": {"uv": [2, 14.66667, 2.66667, 15.11111], "texture": "#0"},
				"east": {"uv": [7, 7.55556, 7.33333, 8], "texture": "#0"},
				"south": {"uv": [2.33333, 3.11111, 4, 5.33333], "texture": "#0"},
				"west": {"uv": [7, 7.55556, 7.33333, 8], "texture": "#0"},
				"up": {"uv": [10.33333, 5.77778, 10.66667, 6.22222], "texture": "#0"},
				"down": {"uv": [7, 7.11111, 7.33333, 7.55556], "texture": "#0"}
			}
		}
	],
	"display": {
		"thirdperson_righthand": {
			"rotation": [0, 20.5, 0],
			"translation": [0.25, -1, 0],
			"scale": [0.9, 0.9, 0.9]
		},
		"thirdperson_lefthand": {
			"rotation": [0, 20.5, 0],
			"translation": [0.25, -1, 0],
			"scale": [0.9, 0.9, 0.9]
		},
		"firstperson_righthand": {
			"rotation": [22.5, 91, -15],
			"translation": [3.5, 2.5, 0.25]
		},
		"firstperson_lefthand": {
			"rotation": [22.5, 91, -15],
			"translation": [3.5, 2.5, 0.25]
		},
		"ground": {
			"rotation": [90, 0, 0],
			"translation": [0, -3, 0.75]
		},
		"gui": {
			"rotation": [-13.5, 150, 12.5],
			"translation": [0.5, 0.25, 0],
			"scale": [1.02, 1.02, 1.02]
		},
		"head": {
			"rotation": [90, 0, 25],
			"translation": [1.25, 6.5, 1]
		},
		"fixed": {
			"translation": [0, 0.25, 0.25],
			"scale": [1.26, 1.26, 1.26]
		}
	}
}