{
	"credit": "Made with Blockbench",
	"parent": "item/handheld",
	"textures": {
		"layer0": "dungeons_gear:item/moon_dagger"
	},
	"overrides": [
		{
			"predicate": {
				"dual": 1
			},
			"model": "dungeons_gear:item/moon_daggers"
		}
	],"gui_light": "front",
	"display": {
		"thirdperson_righthand": {
			"rotation": [0, 90, 45],
			"translation": [0, 3, 1.5],
			"scale": [1, 1, 1]
		},
		"thirdperson_lefthand": {
			"rotation": [0, -90, -45],
			"translation": [0, 3, 1.5],
			"scale": [1, 1, 1]
		},
		"firstperson_righthand": {
			"rotation": [0, 90, 45],
			"translation": [0, 2, 0],
			"scale": [1, 1, 1]
		},
		"firstperson_lefthand": {
			"rotation": [0, -90, -45],
			"translation": [0, 2, 0],
			"scale": [1, 1, 1]
		},
		"gui": {
			"scale": [1, 1, 1]
		},
		"fixed": {
			"scale": [1, 1, 1]
		}
	}
}