{
	"credit": "Made with Blockbench",
	"textures": {
		"0": "dungeons_gear:item/powershaker",
		"particle": "dungeons_gear:item/powershaker"
	},
	"elements": [
		{
			"from": [5.5, 9, 5.5],
			"to": [10.5, 14, 10.5],
			"faces": {
				"north": {"uv": [0, 5, 5, 10], "texture": "#0"},
				"east": {"uv": [5, 5, 10, 10], "texture": "#0"},
				"south": {"uv": [0, 5, 5, 10], "texture": "#0"},
				"west": {"uv": [5, 5, 10, 10], "texture": "#0"},
				"up": {"uv": [3, 0, 8, 5], "texture": "#0"},
				"down": {"uv": [8, 0, 13, 5], "texture": "#0"}
			}
		},
		{
			"from": [7.5, 3, 7.5],
			"to": [8.5, 15, 8.5],
			"faces": {
				"north": {"uv": [2, 4, 3, 16], "texture": "#0"},
				"east": {"uv": [2, 4, 3, 16], "texture": "#0"},
				"south": {"uv": [2, 4, 3, 16], "texture": "#0"},
				"west": {"uv": [2, 4, 3, 16], "texture": "#0"},
				"up": {"uv": [2, 4, 3, 5], "texture": "#0"},
				"down": {"uv": [2, 15, 3, 16], "texture": "#0"}
			}
		},
		{
			"from": [7.75, 1.25, 8],
			"to": [8.25, 3, 8],
			"rotation": {"angle": -22.5, "axis": "x", "origin": [8, 3, 8]},
			"faces": {
				"north": {"uv": [0, 10, 1, 11], "texture": "#0"},
				"east": {"uv": [0, 10, 1, 11], "texture": "#0"},
				"south": {"uv": [0, 10, 1, 11], "texture": "#0"},
				"west": {"uv": [0, 10, 1, 11], "texture": "#0"},
				"up": {"uv": [1, 10, 2, 11], "texture": "#0"},
				"down": {"uv": [0, 10, 1, 11], "texture": "#0"}
			}
		},
		{
			"from": [7.5, 0.25, 8],
			"to": [8.5, 1.25, 8],
			"rotation": {"angle": -22.5, "axis": "x", "origin": [8, 3, 8]},
			"faces": {
				"north": {"uv": [0, 11, 1, 12], "texture": "#0"},
				"east": {"uv": [0, 11, 1, 12], "texture": "#0"},
				"south": {"uv": [0, 11, 1, 12], "texture": "#0"},
				"west": {"uv": [0, 11, 1, 12], "texture": "#0"},
				"up": {"uv": [1, 10, 2, 11], "texture": "#0"},
				"down": {"uv": [0, 10, 1, 11], "texture": "#0"}
			}
		}
	],
	"display": {
		"thirdperson_righthand": {
			"rotation": [7, -58, 0],
			"translation": [-0.25, 0.25, 1.25]
		},
		"thirdperson_lefthand": {
			"rotation": [7, -58, 0],
			"translation": [-0.25, 0.25, 1.25]
		},
		"firstperson_righthand": {
			"rotation": [-10, -78, 0],
			"translation": [1.5, 1.75, 0.75],
			"scale": [0.9, 0.9, 0.9]
		},
		"firstperson_lefthand": {
			"rotation": [-10, -78, 0],
			"translation": [1.5, 1.75, 0.75],
			"scale": [0.9, 0.9, 0.9]
		},
		"ground": {
			"rotation": [90, 0, 0],
			"translation": [0, -2, 0]
		},
		"gui": {
			"rotation": [-17, 152, 35],
			"translation": [-0.5, 0, 0],
			"scale": [1.1, 1.1, 1.1]
		},
		"head": {
			"rotation": [94, 1, -98.5],
			"translation": [0.75, -4.25, -7.25],
			"scale": [1.1, 1.1, 1.1]
		},
		"fixed": {
			"rotation": [0, 0, 45],
			"translation": [0.5, -0.75, -1.25],
			"scale": [1.5, 1.5, 1.5]
		}
	}
}