{
	"credit": "Made with Blockbench",
	"texture_size": [32, 32],
	"textures": {
		"0": "dungeons_gear:item/satchel_of_snacks",
		"particle": "dungeons_gear:item/satchel_of_snacks"
	},
	"elements": [
		{
			"name": "basket",
			"from": [3, 0, 3],
			"to": [13, 9, 13],
			"faces": {
				"north": {"uv": [0, 5, 5, 9.5], "texture": "#0"},
				"east": {"uv": [0, 5, 5, 9.5], "texture": "#0"},
				"south": {"uv": [0, 5, 5, 9.5], "texture": "#0"},
				"west": {"uv": [0, 5, 5, 9.5], "texture": "#0"},
				"up": {"uv": [0, 0, 5, 5], "texture": "#0"},
				"down": {"uv": [5, 0, 10, 5], "texture": "#0"}
			}
		},
		{
			"name": "handle",
			"from": [3, 9, 3],
			"to": [3, 14, 13],
			"faces": {
				"north": {"uv": [11, 0, 16, 4.5], "texture": "#0"},
				"east": {"uv": [5, 5, 10, 7.5], "texture": "#0"},
				"south": {"uv": [11, 0, 16, 4.5], "texture": "#0"},
				"west": {"uv": [5, 5, 10, 7.5], "texture": "#0"},
				"up": {"uv": [11, 0, 16, 5], "texture": "#0"},
				"down": {"uv": [11, 0, 16, 5], "texture": "#0"}
			}
		},
		{
			"name": "handle",
			"from": [13, 9, 3],
			"to": [13, 14, 13],
			"faces": {
				"north": {"uv": [11, 0, 16, 4.5], "texture": "#0"},
				"east": {"uv": [5, 5, 10, 7.5], "texture": "#0"},
				"south": {"uv": [11, 0, 16, 4.5], "texture": "#0"},
				"west": {"uv": [5, 5, 10, 7.5], "texture": "#0"},
				"up": {"uv": [11, 0, 16, 5], "texture": "#0"},
				"down": {"uv": [11, 0, 16, 5], "texture": "#0"}
			}
		}
	],
	"display": {
		"thirdperson_righthand": {
			"rotation": [0, 90, 37],
			"translation": [0, -1.75, -3.5],
			"scale": [0.65, 0.65, 0.65]
		},
		"thirdperson_lefthand": {
			"rotation": [0, 90, 37],
			"translation": [0, -1.75, -3.5],
			"scale": [0.65, 0.65, 0.65]
		},
		"firstperson_righthand": {
			"rotation": [0, 90, -17],
			"translation": [0.75, 3.5, 0],
			"scale": [0.6, 0.6, 0.6]
		},
		"firstperson_lefthand": {
			"rotation": [0, 90, -17],
			"translation": [0.75, 3.5, 0],
			"scale": [0.6, 0.6, 0.6]
		},
		"ground": {
			"translation": [0, 1.5, 0],
			"scale": [0.9, 0.9, 0.9]
		},
		"gui": {
			"rotation": [35, -29.5, 0],
			"translation": [0, 0.75, 0],
			"scale": [0.81, 0.81, 0.81]
		},
		"head": {
			"translation": [0, 14.25, 0]
		},
		"fixed": {
			"rotation": [0, 90, 0],
			"translation": [0, 1.25, 1.25],
			"scale": [1.15, 1.15, 1.15]
		}
	}
}