{
	"credit": "Made with Blockbench",
	"texture_size": [64, 64],
	"textures": {
		"0": "dungeons_gear:item/satchel_of_elixirs",
		"particle": "dungeons_gear:item/satchel_of_elixirs"
	},
	"elements": [
		{
			"name": "basket",
			"from": [4, 0, 4],
			"to": [12, 8.5, 12],
			"faces": {
				"north": {"uv": [0, 4, 4, 8.25], "texture": "#0"},
				"east": {"uv": [12, 4, 16, 8.25], "texture": "#0"},
				"south": {"uv": [8, 4, 12, 8.25], "texture": "#0"},
				"west": {"uv": [4, 4, 8, 8.25], "texture": "#0"},
				"up": {"uv": [4, 0, 8, 4], "texture": "#0"},
				"down": {"uv": [8, 0, 12, 4], "texture": "#0"}
			}
		},
		{
			"name": "handle",
			"from": [7, 8.5, 4],
			"to": [9, 12, 4],
			"faces": {
				"north": {"uv": [12, 2.25, 13, 4], "texture": "#0"},
				"east": {"uv": [0, 0, 4, 3.75], "texture": "#0"},
				"south": {"uv": [12, 2.25, 13, 4], "texture": "#0"},
				"west": {"uv": [0, 0, 4, 3.75], "texture": "#0"},
				"up": {"uv": [0, 0, 4, 3.75], "texture": "#0"},
				"down": {"uv": [0, 0, 4, 3.75], "texture": "#0"}
			}
		},
		{
			"name": "handle",
			"from": [7, 8.5, 12],
			"to": [9, 12, 12],
			"faces": {
				"north": {"uv": [12, 2.25, 13, 4], "texture": "#0"},
				"east": {"uv": [0, 0, 4, 3.75], "texture": "#0"},
				"south": {"uv": [12, 2.25, 13, 4], "texture": "#0"},
				"west": {"uv": [0, 0, 4, 3.75], "texture": "#0"},
				"up": {"uv": [0, 0, 4, 3.75], "texture": "#0"},
				"down": {"uv": [0, 0, 4, 3.75], "texture": "#0"}
			}
		},
		{
			"name": "handle",
			"from": [7, 12, 4],
			"to": [9, 12, 12],
			"faces": {
				"north": {"uv": [0, 0, 1, 1.75], "texture": "#0"},
				"east": {"uv": [0, 0, 4, 3.75], "texture": "#0"},
				"south": {"uv": [0, 0, 1, 1.75], "texture": "#0"},
				"west": {"uv": [0, 0, 4, 3.75], "texture": "#0"},
				"up": {"uv": [13, 0, 14, 4], "rotation": 180, "texture": "#0"},
				"down": {"uv": [13, 0, 14, 4], "texture": "#0"}
			}
		}
	],
	"display": {
		"thirdperson_righthand": {
			"rotation": [0, 90, 47],
			"translation": [0.5, -4, -1.25],
			"scale": [0.9, 0.9, 0.9]
		},
		"thirdperson_lefthand": {
			"rotation": [0, 90, 47],
			"translation": [0.5, -4, -1.25],
			"scale": [0.9, 0.9, 0.9]
		},
		"firstperson_righthand": {
			"rotation": [0, 90, 12],
			"translation": [1, 4.5, 0.75],
			"scale": [0.75, 0.75, 0.75]
		},
		"firstperson_lefthand": {
			"rotation": [0, 90, 12],
			"translation": [1, 4.5, 0.75],
			"scale": [0.75, 0.75, 0.75]
		},
		"ground": {
			"translation": [0, 2.5, 0]
		},
		"gui": {
			"rotation": [31.5, 156, 0],
			"translation": [0, 2, 0],
			"scale": [1.02, 1.02, 1.02]
		},
		"head": {
			"translation": [0, 15.25, 0],
			"scale": [1.1, 1.1, 1.1]
		},
		"fixed": {
			"translation": [0, 2.75, 1.5],
			"scale": [1.42, 1.42, 1.42]
		}
	}
}