{
	"credit": "Made with Blockbench",
	"parent": "item/handheld",
	"textures": {
		"layer0": "dungeons_gear:item/sickle"
	},
	"gui_light": "front",
	"overrides": [
		{
			"predicate": {
				"dual": 1
			},
			"model": "dungeons_gear:item/sickles"
		}
	],"display": {
		"thirdperson_righthand": {
			"rotation": [0, -90, 45],
			"translation": [0, 5, 1],
			"scale": [1, 1, 1]
		},
		"thirdperson_lefthand": {
			"rotation": [0, 90, -45],
			"translation": [0, 5, 1],
			"scale": [1, 1, 1]
		},
		"firstperson_righthand": {
			"rotation": [0, -90, 45],
			"translation": [0, 3.5, 0],
			"scale": [1, 1, 1]
		},
		"firstperson_lefthand": {
			"rotation": [0, 90, -45],
			"translation": [0, 3.5, 0],
			"scale": [1, 1, 1]
		},
		"gui": {
			"scale": [1, 1, 1]
		},
		"fixed": {
			"scale": [1, 1, 1]
		}
	}
}