{
  "primitives": {
    "wood": "mobeffects:wood",
    "ground": "mobeffects:gravel",
    "plant": "mobeffects:grass",
    "lily_pads": "mobeffects:grass",
    "sweet_berry_bush": "mobeffects:grass",
    "crop": "mobeffects:grass",
    "metal": "mobeffects:hardmetal",
    "stone": "mobeffects:brickstone",
    "glass": "mobeffects:glass",
    "cloth": "mobeffects:rug",
    "sand": "mobeffects:sand",
    "snow": "mobeffects:snow",
    "ladder": "mobeffects:ladder",
    "anvil": "mobeffects:metalcompressed,mobeffects:hardmetal",
    "nether_brick": "mobeffects:netherbrick",
    "netherrack": "mobeffects:netherrack",
    "bone": "mobeffects:bone",
    "soul_sand": "mobeffects:soulsand",
    "soul_soil": "mobeffects:soulsoil",
    "basalt": "mobeffects:basalt",
    "shroomlight": "mobeffects:shroomlight"
  },
  "blockTags": {
    "minecraft:logs": "log",
    "minecraft:planks": "planks",
    "minecraft:walls": "#stonewall",
    "minecraft:wooden_fences": "#woodfence",
    "minecraft:wooden_doors": "bluntwood",
    "minecraft:wooden_stairs": "planks",
    "minecraft:wooden_slabs": "planks",
    "minecraft:wooden_trapdoors": "planks",
    "minecraft:leaves": "leaves",
    "minecraft:rails": "#rail",
    "minecraft:carpets": "rug",
    "minecraft:carpets+carpet": "rug",
    "minecraft:wool": "rug",
    "minecraft:beds": "rug",
    "minecraft:stone_bricks": "brickstone",
    "minecraft:sand": "sand",
    "minecraft:saplings": "#sapling",
    "minecraft:ice": "ice",
    "minecraft:beehives": "organic_dry",
    "minecraft:tall_flowers": "#tallplant",
    "minecraft:banners": "rug,straw,squeakywood",
    "minecraft:banners+foliage": "rug,straw,squeakywood",
    "forge:glass": "glass",
    "forge:stained_glass": "glass",
    "forge:glass_panes": "glass",
    "forge:stained_glass_panes": "glass",
    "forge:fences/wooden": "#woodfence",
    "forge:fence_gates/wooden": "#woodfence",
    "forge:chests/wooden": "squeakywood",
    "forge:stone": "stone",
    "forge:ores": "ore",
    "forge:dirt": "dirt",
    "forge:cobblestone": "stone",
    "forge:sand": "sand",
    "forge:sandstone": "sandstone",
    "forge:gravel": "gravel",
    "forge:obsidian": "obsidian",
    "forge:end_stones": "stone",
    "forge:storage_blocks/diamond": "composite",
    "forge:storage_blocks/emerald": "composite"
  },
  "footsteps": {
    "minecraft:iron_bars": "metalbar",
    "minecraft:water": "not_emitter",
    "minecraft:vine": "#vine",
    "minecraft:bricks": "brickstone",
    "minecraft:brick_stairs": "brickstone",
    "minecraft:brick_slab": "brickstone",
    "minecraft:stone_bricks": "brickstone",
    "minecraft:stone_brick_stairs": "brickstone",
    "minecraft:stone_brick_slab": "brickstone",
    "minecraft:mossy_stone_bricks": "brickstone",
    "minecraft:mossy_stone_brick_stairs": "brickstone",
    "minecraft:mossy_stone_brick_slab": "brickstone",
    "minecraft:mossy_cobblestone_stairs": "stone",
    "minecraft:mossy_cobblestone_slab": "stone",
    "minecraft:sandstone_wall": "#sandstonewall",
    "minecraft:red_sandstone_wall": "#sandstonewall",
    "minecraft:sandstone_slab": "sandstone",
    "minecraft:cut_sandstone_slab": "sandstone",
    "minecraft:sandstone_stairs": "sandstone",
    "minecraft:smooth_sandstone": "sandstone",
    "minecraft:smooth_sandstone_stairs": "sandstone",
    "minecraft:red_sandstone_slab": "sandstone",
    "minecraft:cut_red_sandstone_slab": "sandstone",
    "minecraft:red_sandstone_stairs": "sandstone",
    "minecraft:smooth_red_sandstone": "sandstone",
    "minecraft:smooth_red_sandstone_stairs": "sandstone",
    "minecraft:quartz_slab": "marble",
    "minecraft:smooth_quartz": "marble",
    "minecraft:chiseled_quartz_block": "marble",
    "minecraft:quartz_block": "marble",
    "minecraft:quartz_pillar": "marble",
    "minecraft:quartz_stairs": "marble",
    "minecraft:smooth_quartz_stairs": "marble",
    "minecraft:smooth_quartz_slab": "marble",
	"subwild:dirt_patch": "dirt",
	"subwild:mossy_dirt_patch": "leaves",
	"subwild:podzol_patch": "dirt",
	"subwild:gravel_patch": "gravel",
	"subwild:sand_patch": "sand",	
	"subwild:red_sand_patch": "sand",
	"subwild:snow_patch": "snow",
	"subwild:ice_patch": "ice",
    "minecraft:grass_block": "grass",
    "minecraft:scaffolding": "squeakywood",
    "minecraft:black_shulker_box": "marble",
    "minecraft:blue_shulker_box": "marble",
    "minecraft:brown_shulker_box": "marble",
    "minecraft:cyan_shulker_box": "marble",
    "minecraft:gray_shulker_box": "marble",
    "minecraft:green_shulker_box": "marble",
    "minecraft:light_blue_shulker_box": "marble",
    "minecraft:lime_shulker_box": "marble",
    "minecraft:magenta_shulker_box": "marble",
    "minecraft:orange_shulker_box": "marble",
    "minecraft:pink_shulker_box": "marble",
    "minecraft:purple_shulker_box": "marble",
    "minecraft:red_shulker_box": "marble",
    "minecraft:white_shulker_box": "marble",
    "minecraft:yellow_shulker_box": "marble",
    "minecraft:terracotta": "sandstone",
    "minecraft:white_terracotta": "sandstone",
    "minecraft:orange_terracotta": "sandstone",
    "minecraft:magenta_terracotta": "sandstone",
    "minecraft:light_blue_terracotta": "sandstone",
    "minecraft:yellow_terracotta": "sandstone",
    "minecraft:lime_terracotta": "sandstone",
    "minecraft:pink_terracotta": "sandstone",
    "minecraft:gray_terracotta": "sandstone",
    "minecraft:light_gray_terracotta": "sandstone",
    "minecraft:cyan_terracotta": "sandstone",
    "minecraft:purple_terracotta": "sandstone",
    "minecraft:blue_terracotta": "sandstone",
    "minecraft:brown_terracotta": "sandstone",
    "minecraft:green_terracotta": "sandstone",
    "minecraft:red_terracotta": "sandstone",
    "minecraft:black_terracotta": "sandstone",
    "minecraft:black_glazed_terracotta": "stone",
    "minecraft:blue_glazed_terracotta": "stone",
    "minecraft:brown_glazed_terracotta": "stone",
    "minecraft:cyan_glazed_terracotta": "stone",
    "minecraft:gray_glazed_terracotta": "stone",
    "minecraft:green_glazed_terracotta": "stone",
    "minecraft:light_blue_glazed_terracotta": "stone",
    "minecraft:lime_glazed_terracotta": "stone",
    "minecraft:magenta_glazed_terracotta": "stone",
    "minecraft:orange_glazed_terracotta": "stone",
    "minecraft:pink_glazed_terracotta": "stone",
    "minecraft:purple_glazed_terracotta": "stone",
    "minecraft:red_glazed_terracotta": "stone",
    "minecraft:white_glazed_terracotta": "stone",
    "minecraft:yellow_glazed_terracotta": "stone",
    "minecraft:white_concrete": "stone",
    "minecraft:orange_concrete": "stone",
    "minecraft:magenta_concrete": "stone",
    "minecraft:light_blue_concrete": "stone",
    "minecraft:yellow_concrete": "stone",
    "minecraft:lime_concrete": "stone",
    "minecraft:pink_concrete": "stone",
    "minecraft:gray_concrete": "stone",
    "minecraft:light_gray_concrete": "stone",
    "minecraft:cyan_concrete": "stone",
    "minecraft:purple_concrete": "stone",
    "minecraft:blue_concrete": "stone",
    "minecraft:brown_concrete": "stone",
    "minecraft:green_concrete": "stone",
    "minecraft:red_concrete": "stone",
    "minecraft:black_concrete": "stone",
    "minecraft:white_concrete_powder": "sand",
    "minecraft:orange_concrete_powder": "sand",
    "minecraft:magenta_concrete_powder": "sand",
    "minecraft:light_blue_concrete_powder": "sand",
    "minecraft:yellow_concrete_powder": "sand",
    "minecraft:lime_concrete_powder": "sand",
    "minecraft:pink_concrete_powder": "sand",
    "minecraft:gray_concrete_powder": "sand",
    "minecraft:light_gray_concrete_powder": "sand",
    "minecraft:cyan_concrete_powder": "sand",
    "minecraft:purple_concrete_powder": "sand",
    "minecraft:blue_concrete_powder": "sand",
    "minecraft:brown_concrete_powder": "sand",
    "minecraft:green_concrete_powder": "sand",
    "minecraft:red_concrete_powder": "sand",
    "minecraft:black_concrete_powder": "sand",
    "minecraft:snow_block": "snow",
    "minecraft:snow": "snow",
    "minecraft:snow+carpet": "snow",
    "minecraft:lily_pad": "waterfine",
    "minecraft:dead_bush": "#deadbush",
    "minecraft:large_fern": "#tallplant",
    "minecraft:tall_grass": "#tallplant",
    "minecraft:sugar_cane": "#reed",
    "minecraft:pumpkin": "organic_dry",
    "minecraft:melon": "organic_dry",
    "minecraft:mushroom_stem": "organic_dry",
    "minecraft:brown_mushroom_block": "organic_dry",
    "minecraft:red_mushroom_block": "organic_dry",
    "minecraft:sweet_berry_bush": "#bush",
    "minecraft:wheat": "#wheat",
    "minecraft:carrots": "#crop",
    "minecraft:potatoes": "#crop",
    "minecraft:beetroots": "#beets",
    "minecraft:player_head": "organic",
    "minecraft:zombie_head": "organic",
    "minecraft:creeper_head": "organic",
    "minecraft:dragon_head": "organic_dry",
    "minecraft:skeleton_skull": "bone",
    "minecraft:wither_skeleton_skull": "bone",
    "minecraft:dispenser": "stonemachine",
    "minecraft:dropper": "stonemachine",
    "minecraft:observer": "stonemachine",
    "minecraft:furnace": "stonemachine",
    "minecraft:blast_furnace": "stonemachine",
    "minecraft:stonecutter": "stonemachine",
    "minecraft:piston": "stonemachine",
    "minecraft:sticky_piston": "stonemachine",
    "minecraft:piston[facing=up]": "wood",
    "minecraft:sticky_piston[facing=up]": "mud",
    "minecraft:piston_head": "wood",
    "minecraft:piston_head[type=sticky]": "mud",
    "minecraft:repeater": "stoneutility",
    "minecraft:comparator": "stoneutility",
    "minecraft:hopper": "metalbar",
    "minecraft:cauldron": "metalbar",
    "minecraft:cauldron[level=3]": "metalbar,waterfine",
    "minecraft:glowstone": "glowstone",
    "minecraft:weeping_vines": "#nethervines",
    "minecraft:weeping_vines_plant": "#nethervines",
    "minecraft:crimson_roots": "#deadbush",
    "minecraft:warped_roots": "#deadbush",
    "minecraft:twisting_vines": "#nethervines",
    "minecraft:twisting_vines_plant": "#nethervines",
    "minecraft:ladder": "ladder_default",
    "minecraft:nether_brick_fence": "not_emitter",
    "minecraft:nether_brick_fence+bigger": "netherbrick",
    "minecraft:smithing_table": "metalbar",
    "minecraft:crying_obsidian": "obsidian",
    "minecraft:respawn_anchor": "obsidian"
  }
}
