{

    "pools": [

        {

            "rolls": {

                "min": 2,

                "max": 10

            },

            "entries": [

                {

                    "type": "item",

                    "name": "minecraft:iron_nugget",

                    "weight": 25
                },

                {

                    "type": "item",

                    "name": "minecraft:red_mushroom",

                    "weight": 500
                },

                {

                    "type": "item",

                    "name": "minecraft:brown_mushroom",

                    "weight": 500
                },

                {

                    "type": "item",

                    "name": "minecraft:stick",

                    "weight": 1000

                },
                {

                    "type": "item",

                    "name": "minecraft:bowl",

                    "weight": 500

                },
                {

                    "type": "item",

                    "name": "minecraft:book",

                    "weight": 250

                },
                {

                    "type": "item",

                    "name": "minecraft:wheat",

                    "weight": 500

                },
                {

                    "type": "item",

                    "name": "minecraft:bone",

                    "weight": 250

                },
                {

                    "type": "item",

                    "name": "minecraft:bread",

                    "weight": 250
                },

                {

                    "type": "item",

                    "name": "minecraft:totem_of_undying",

                    "weight": 1

                },

                {

                    "type": "item",

                    "name": "minecraft:book",

                    "weight": 10,

                    "functions": [

                        {

                            "function": "enchant_with_levels",

                            "levels": 30,

                            "treasure": true

                        }

                    ]

                }

            ]

        }

    ]

}