{
  "common": [
    {
      "entity": "minecraft:wither_skeleton",
      "weight": 3
    },
    {
      "entity": "illageandspillage:igniter",
      "weight": 1
    },
    {
      "entity": "minecraft:vex",
      "weight": 3
    },
    {
      "entity": "dungeons_mobs:royal_guard",
      "weight": 3
    },
    {
      "entity": "minecraft:vindicator",
      "weight": 3
    },
    {
      "entity": "dungeons_mobs:wraith",
      "weight": 2
    },
    {
      "entity": "minecraft:evoker",
      "weight": 1
    },
    {
      "entity": "savageandravage:executioner",
      "weight": 2
    },
    {
      "entity": "bygonenether:wither_skeleton_knight",
      "weight": 3
    }
  ],
  "rare": [
    {
      "entity": "eidolon:zombie_brute"
    }
  ]
}