{
  "common": [
    {
      "entity": "minecraft:skeleton",
      "weight": 1
    },
    {
      "entity": "minecraft:wither_skeleton",
      "weight": 3
    },
    {
      "entity": "minecraft:cave_spider",
      "weight": 2
    },
    {
      "entity": "minecraft:vex",
      "weight": 2
    },
    {
      "entity": "eidolon:zombie_brute",
      "weight": 2
    },
    {
      "entity": "graveyard:ghoul",
      "weight": 2
    },
    {
      "entity": "dungeons_mobs:skeleton_vanguard",
      "weight": 2
    },
    {
      "entity": "dungeons_mobs:windcaller",
      "weight": 1
    },
    {
      "entity": "dungeons_mobs:wraith",
      "weight": 2
    },
    {
      "entity": "minecraft:vindicator",
      "weight": 3
    },
    {
      "entity": "savageandravage:executioner",
      "weight": 2
    },
    {
      "entity": "earthmobsmod:bouldering_zombie",
      "weight": 2
    }
  ],
  "rare": [
    {
      "entity": "minecraft:creeper"
    }
  ]
}