{
  "common": [
    {
      "entity": "eidolon:zombie_brute",
      "weight": 2
    },
    {
      "entity": "graveyard:ghoul",
      "weight": 2
    },
    {
      "entity": "minecraft:wither_skeleton",
      "weight": 3
    },
    {
      "entity": "minecraft:cave_spider",
      "weight": 2
    },
    {
      "entity": "minecraft:vex",
      "weight": 3
    },
    {
      "entity": "dungeons_mobs:royal_guard",
      "weight": 3
    },
    {
      "entity": "dungeons_mobs:windcaller",
      "weight": 1
    },
    {
      "entity": "dungeons_mobs:wraith",
      "weight": 2
    },
    {
      "entity": "minecraft:evoker",
      "weight": 1
    },
    {
      "entity": "savageandravage:executioner",
      "weight": 2
    },
    {
      "entity": "savageandravage:trickster",
      "weight": 1
    }
  ],
  "rare": [
    {
      "entity": "minecraft:creeper"
    }
  ]
}