{
  "common": [
    {
      "entity": "minecraft:skeleton",
      "weight": 2
    },
    {
      "entity": "graveyard:acolyte",
      "weight": 1
    },
    {
      "entity": "minecraft:cave_spider",
      "weight": 2
    },
    {
      "entity": "savageandravage:griefer",
      "weight": 2
    },
    {
      "entity": "dungeons_mobs:skeleton_vanguard",
      "weight": 2
    },
    {
      "entity": "graveyard:reaper",
      "weight": 2
    },
    {
      "entity": "dungeons_mobs:windcaller",
      "weight": 1
    },
    {
      "entity": "eidolon:zombie_brute",
      "weight": 2
    },
    {
      "entity": "dungeons_mobs:wraith",
      "weight": 2
    },
    {
      "entity": "earthmobsmod:lobber_zombie",
      "weight": 2
    },
    {
      "entity": "minecraft:vindicator",
      "weight": 4
    },
    {
      "entity": "dungeons_mobs:whisperer",
      "weight": 1
    },
    {
      "entity": "savageandravage:executioner",
      "weight": 2
    },
    {
      "entity": "earthmobsmod:bouldering_zombie",
      "weight": 2
    }
  ],
  "rare": [
    {
      "entity": "minecraft:creeper"
    }
  ]
}