{
  "type": "minecraft:chest",
  "pools": [
    {
      "rolls": 1,
      "entries": [
        {
          "type": "minecraft:item",
          "name": "minecraft:writable_book"
        }
      ]
    },
    {
      "rolls": 1,
      "entries": [
        {
          "type": "minecraft:item",
          "name": "relics:bloody_feather"
        },
        {
          "type": "minecraft:item",
          "name": "iceandfire:amphithere_feather"
        },
        {
          "type": "minecraft:item",
          "name": "iceandfire:stymphalian_bird_feather"
        },
        {
          "type": "minecraft:item",
          "name": "minecraft:feather"
        }
      ]
    },
    {
      "rolls": {
        "min": 2,
        "max": 10
      },
      "entries": [
        {
          "type": "minecraft:item",
          "weight": 4,
          "name": "minecraft:book",
          "functions": [
            {
              "function": "minecraft:set_nbt",
              "tag": "{StoredEnchantments: [{lvl: 1s, id:\"ma-enchants:wisdom\"}]}"
            }
          ]
        },
        {
          "type": "minecraft:item",
          "weight": 20,
          "name": "minecraft:book",
          "functions": [
            {
              "function": "minecraft:set_count",
              "count": {
                "min": 1,
                "max": 3
              }
            }
          ]
        },
        {
          "type": "minecraft:item",
          "weight": 20,
          "name": "minecraft:paper",
          "functions": [
            {
              "function": "minecraft:set_count",
              "count": {
                "min": 2,
                "max": 7
              }
            }
          ]
        },
        {
          "type": "minecraft:item",
          "name": "minecraft:map"
        },
        {
          "type": "minecraft:item",
          "weight": 10,
          "name": "minecraft:book",
          "functions": [
            {
              "function": "minecraft:enchant_with_levels",
              "levels": 2,
              "treasure": false
            }
          ]
        }
      ]
    }
  ]
}
