{
  "type": "minecraft:chest",
  "pools": [
    {
      "rolls": 2,
      "entries": [
        {
          "type": "minecraft:item",
          "weight": 5,
          "name": "crockpot:honey_nuggets"
        },
        {
          "type": "minecraft:item",
          "weight": 5,
          "name": "crockpot:honey_ham"
        },
        {
          "type": "minecraft:item",
          "weight": 5,
          "name": "bayou_blues:honey_glazed_gooseberries"
        },
        {
          "type": "minecraft:item",
          "weight": 10,
          "name": "minecraft:honeycomb_block"
        },
        {
          "type": "minecraft:item",
          "weight": 5,
          "name": "minecraft:honey_block"
        },
        {
          "type": "minecraft:item",
          "weight": 10,
          "name": "minecraft:honey_bottle"
        },
        {
          "type": "minecraft:item",
          "weight": 20,
          "name": "minecraft:honeycomb"
        }
      ]
    },
    {
      "rolls": {
        "min": 3,
        "max": 8
      },
      "entries": [
        {
          "type": "minecraft:item",
          "weight": 4,
          "name": "minecraft:sugar",
          "functions": [
            {
              "function": "minecraft:set_count",
              "count": {
                "min": 1,
                "max": 3
              }
            }
          ]
        },
        {
          "type": "minecraft:item",
          "weight": 2,
          "name": "minecraft:charcoal",
          "functions": [
            {
              "function": "minecraft:set_count",
              "count": {
                "min": 1,
                "max": 3
              }
            }
          ]
        },
        {
          "type": "minecraft:item",
          "weight": 2,
          "name": "minecraft:honey_bottle",
          "functions": [
            {
              "function": "minecraft:set_count",
              "count": {
                "min": 1,
                "max": 2
              }
            }
          ]
        },
        {
          "type": "minecraft:item",
          "weight": 1,
          "name": "charm:candle"
        },
        {
          "type": "minecraft:item",
          "weight": 1,
          "name": "minecraft:shears"
        }
      ]
    }
  ]
}