{

  // This is the name of the template pool itself. I tend to just put the file path and file name here with modid.
  "name": "ba_bt:ocean_tower/start_pool",

  // The template pool to refer to if the entries in 'elements' fails to generate.
  "fallback": "minecraft:empty",

  // Here you can list as many nbt files or configured features to spawn.
  // Do note that configured features needs a special element entry stuff.
  "elements": [
    {

      // How likely out of all the element for this one to be chosen.
      "weight": 1,
      "element": {

        // The Identifier of the nbt file itself of the structure piece.
        // Note, this will automatically check into the 'structures' folder for the nbt file.
        // The final path would look like 'resources/data/ba_bt/structures/land_tower/default_bottom_floor.nbt'.
        "location": "ba_bt:ocean_tower/ocean_entry",

        // Processor JSON files can be used to randomize or replace blocks dynamically. Here, we don't do any of that.
        "processors": "minecraft:empty",

        // If set to 'terrain_matching', the house would be deformed to fit the change in land.
        // That's best for roads so lets stay 'rigid' for now.
        "projection": "rigid",

        // The kind of element we are spawning. This one is most likely what you want.
        // There's 'minecraft:legacy_single_pool_element' but that swaps the behavior of
        // Air and Structure Void in your piece as well as change the attachment mechanism.
        // It's only for old Vanilla Jigsaw Structures so don't use it. Stick with non-legacy.
        "element_type": "minecraft:single_pool_element"
      }
    }
  ]
}