{"credit":"Made with Blockbench",
"ambientocclusion": false,
"textures":{"0":"byg:block/pink_cherry_foliage",
"particle":"byg:block/pink_cherry_foliage"},
"elements":[{"from":[-0.25,-15.75,-0.25],
"to":[16.25,0.75,16.25],
"faces":{"north":{"uv":[8,0,16,8],
"texture":"#0"},"east":{"uv":[8,0,16,8],
"texture":"#0"},"south":{"uv":[8,0,16,8],
"texture":"#0"},"west":{"uv":[8,0,16,8],
"texture":"#0"},"up":{"uv":[0,0,8,8],
"texture":"#0"}}}],"display":{"thirdperson_righthand":{"rotation":[23,45,0],
"translation":[0,3.75,1.75],"scale":[0.2,0.2,0.2]},
"thirdperson_lefthand":{"rotation":[23,45,0],
"translation":[0,3.75,1.75],"scale":[0.2,0.2,0.2]},
"firstperson_righthand":{"translation":[11.5,7,-7.25]},
"firstperson_lefthand":{"translation":[11.5,7,-7.25]},
"ground":{"translation":[0,5.25,0],"scale":[0.2,0.2,0.2]},
"gui":{"translation":[-0.25,16,0]},
"head":{"translation":[0,15.5,0]},
"fixed":{"rotation":[-90,0,0],
"translation":[0,0,-14],
"scale":[2,2,2]}}}