{
  "melee": [
    {
      "item": "minecraft:golden_sword"
    },
    {
      "item": "minecraft:golden_pickaxe"
    },
    {
      "item": "minecraft:golden_axe"
    },
    {
      "item": "minecraft:golden_shovel"
    },
    {
      "item": "minecraft:iron_sword",
      "weight": 3
    },
    {
      "item": "minecraft:iron_pickaxe",
      "weight": 3
    },
    {
      "item": "minecraft:iron_axe",
      "weight": 3
    },
    {
      "item": "minecraft:iron_shovel",
      "weight": 3
    },
    {
      "item": "minecraft:diamond_axe",
      "weight": 2
    },
    {
      "item": "minecraft:diamond_shovel",
      "weight": 2
    }
  ],
  "ranged": [
    {
      "item": "minecraft:bow"
    }
  ]
}