{
  "melee": [
    {
      "item": "minecraft:iron_sword",
      "weight": 2
    },
    {
      "item": "minecraft:iron_pickaxe",
      "weight": 2
    },
    {
      "item": "minecraft:iron_axe",
      "weight": 2
    },
    {
      "item": "minecraft:iron_shovel",
      "weight": 2
    },
    {
      "item": "minecraft:diamond_sword",
      "weight": 3
    },
    {
      "item": "minecraft:diamond_pickaxe",
      "weight": 2
    },
    {
      "item": "minecraft:diamond_axe",
      "weight": 3
    },
    {
      "item": "minecraft:diamond_shovel",
      "weight": 2
    }
  ],
  "ranged": [
    {
      "item": "minecraft:bow"
    }
  ]
}